game_stats_id,pass_completions,pass_attempts,pass_completion_percentage,pass_yards,pass_yards_per_attempt,adjusted_pass_yards_per_attempt,pass_touchdowns,pass_interceptions,pass_efficiency_rating,rush_attempts,rush_yards,rush_yards_per_attempt,rush_touchdowns,receptions,rec_yards,rec_yards_per_reception,rec_touchdowns,plays_from_scrimmage,yards_from_scrimmage,yards_from_scrimmage_per_play,td_from_scrimmage,solo_tackles,assisted_tackles,total_tackles,tackles_for_loss,interceptions,interception_return_yards,interception_return_yards_per_interception,interception_return_touchdowns,passes_defended,fumbles_recovered,fumble_recovery_return_yards,fumble_recovery_return_touchdowns,fumbles_forced,kickoff_returns,kickoff_return_yards,kickoff_return_yards_per_return,kickoff_return_touchdowns,punt_returns,punt_return_yards,punt_return_yards_per_return,punt_return_touchdowns,extra_points_made,extra_point_attempts,extra_point_percentage,field_goals_made,field_goal_attempts,field_goal_percentage,kicking_points,punts,punting_yards,punting_yards_per_punt,game_id,player_id
2,20,37,54.1,221,6,7.1,2,0,122.1,2,13,6.5,0,,,,,2,13,6.5,0,,,,,,,,,,,,,,,,,,,,,,,,,,,,,,,,1,1
3,,,,,,,,,,19,128,6.7,4,5,35,7,0,24,163,6.8,4,,,,,,,,,,,,,,,,,,,,,,,,,,,,,,,,1,6
4,,,,,,,,,,1,7,7,0,,,,,1,7,7,0,,,,,,,,,,,,,,1,14,14,0,,,,,,,,,,,,,,,1,7
5,,,,,,,,,,,,,,4,115,28.8,2,4,115,28.8,2,,,,,,,,,,,,,,,,,,,,,,,,,,,,,,,,1,18
6,,,,,,,,,,,,,,4,33,8.3,0,4,33,8.3,0,,,,,,,,,,,,,,1,9,9,0,,,,,,,,,,,,,,,1,32
7,,,,,,,,,,,,,,3,17,5.7,0,3,17,5.7,0,,,,,,,,,,,,,,,,,,,,,,,,,,,,,,,,1,22
8,,,,,,,,,,,,,,3,14,4.7,0,3,14,4.7,0,1,1,2,0,,,,,,,,,,,,,,,,,,,,,,,,,,,,1,20
9,,,,,,,,,,,,,,1,7,7,0,1,7,7,0,1,1,2,0,,,,,,,,,,,,,,,,,,,,,,,,,,,,1,19
10,,,,,,,,,,,,,,,,,,,,,,10,13,23,0,,,,,,,,,1,,,,,,,,,,,,,,,,,,,1,77
11,,,,,,,,,,,,,,,,,,,,,,3,15,18,1,,,,,,,,,,,,,,,,,,,,,,,,,,,,1,80
12,,,,,,,,,,,,,,,,,,,,,,7,6,13,1,,,,,,1,,,,,,,,,,,,,,,,,,,,,,1,81
13,,,,,,,,,,,,,,,,,,,,,,2,11,13,0,,,,,,,,,,,,,,,,,,,,,,,,,,,,1,99
14,,,,,,,,,,,,,,,,,,,,,,6,6,12,0,,,,,,,,,,,,,,,,,,,,,,,,,,,,1,66
15,,,,,,,,,,,,,,,,,,,,,,3,6,9,0,,,,,,1,,,,,,,,,,,,,,,,,,,,,,1,88
16,,,,,,,,,,,,,,,,,,,,,,2,6,8,0,,,,,,,,,,,,,,,,,,,,,,,,,,,,1,63
17,,,,,,,,,,,,,,,,,,,,,,2,5,7,0,,,,,,,,,,,,,,,,,,,,,,,,,,,,1,62
18,,,,,,,,,,,,,,,,,,,,,,1,5,6,0,,,,,,,,,,,,,,,,,,,,,,,,,,,,1,91
19,,,,,,,,,,,,,,,,,,,,,,0,6,6,0,,,,,,,,,,,,,,,,,,,,,,,,,,,,1,68
20,,,,,,,,,,,,,,,,,,,,,,2,1,3,0,,,,,,,,,,,,,,,,,,,,,,,,,,,,1,94
21,,,,,,,,,,,,,,,,,,,,,,1,2,3,0,,,,,,,,,,,,,,,,,,,,,,,,,,,,1,65
22,,,,,,,,,,,,,,,,,,,,,,2,0,2,0,,,,,1,,,,,,,,,,,,,,,,,,,,,,,1,96
23,,,,,,,,,,,,,,,,,,,,,,0,1,1,0,,,,,,,,,,,,,,,,,,,,,,,,,,,,1,76
24,,,,,,,,,,,,,,,,,,,,,,0,1,1,0,,,,,,,,,,,,,,,,,,,,,,,,,,,,1,35
25,,,,,,,,,,,,,,,,,,,,,,1,0,1,0,,,,,,,,,,,,,,,,,,,,,,,,,,,,1,110
26,,,,,,,,,,,,,,,,,,,,,,0,1,1,0,,,,,,,,,,,,,,,,,,,,,,,,,,,,1,97
27,,,,,,,,,,,,,,,,,,,,,,0,1,1,0,,,,,,,,,,,,,,,,,,,,,,,,,,,,1,83
28,,,,,,,,,,,,,,,,,,,,,,,,,,,,,,,,,,,2,86,43,0,,,,,,,,,,,,,,,1,89
29,,,,,,,,,,,,,,,,,,,,,,,,,,,,,,,,,,,,,,,,,,,6,6,100,0,0,,6,,,,1,111
30,,,,,,,,,,,,,,,,,,,,,,,,,,,,,,,,,,,,,,,,,,,,,,,,,,6,282,47,1,106
1002,13,18,72.2,194,10.8,10.5,2,1,188.3,2,-12,-6,0,,,,,2,-12,-6,0,,,,,,,,,,,,,,,,,,,,,,,,,,,,,,,,2,1
1003,4,12,33.3,41,3.4,5.1,1,0,89.5,2,6,3,0,,,,,2,6,3,0,,,,,,,,,,,,,,,,,,,,,,,,,,,,,,,,2,3
1004,,,,,,,,,,18,80,4.4,0,5,60,12,0,23,140,6.1,0,,,,,,,,,,,,,,,,,,,,,,,,,,,,,,,,2,6
1005,,,,,,,,,,4,22,5.5,0,1,9,9,0,5,31,6.2,0,,,,,,,,,,,,,,,,,,,,,,,,,,,,,,,,2,9
1006,,,,,,,,,,4,14,3.5,0,,,,,4,14,3.5,0,,,,,,,,,,,,,,1,91,91,1,,,,,,,,,,,,,,,2,7
1007,,,,,,,,,,4,9,2.3,0,1,3,3,0,5,12,2.4,0,,,,,,,,,,,,,,,,,,,,,,,,,,,,,,,,2,10
1008,,,,,,,,,,3,41,13.7,2,,,,,3,41,13.7,2,,,,,,,,,,,,,,,,,,,,,,,,,,,,,,,,2,8
1009,,,,,,,,,,,,,,4,50,12.5,1,4,50,12.5,1,,,,,,,,,,,,,,,,,,,,,,,,,,,,,,,,2,20
1010,,,,,,,,,,,,,,2,28,14,1,2,28,14,1,,,,,,,,,,,,,,,,,,,,,,,,,,,,,,,,2,21
1011,,,,,,,,,,,,,,1,37,37,1,1,37,37,1,,,,,,,,,,,,,,1,13,13,0,4,53,13.3,0,,,,,,,,,,,2,18
1012,,,,,,,,,,,,,,1,18,18,0,1,18,18,0,,,,,,,,,,,,,,,,,,,,,,,,,,,,,,,,2,19
1013,,,,,,,,,,,,,,1,17,17,0,1,17,17,0,,,,,,,,,,,,,,,,,,,,,,,,,,,,,,,,2,33
1014,,,,,,,,,,,,,,1,13,13,0,1,13,13,0,,,,,,,,,,,,,,,,,,,,,,,,,,,,,,,,2,35
1015,,,,,,,,,,,,,,,,,,,,,,3,5,8,1,0,,,,,,,,,,,,,,,,,,,,,,,,,,,2,81
1016,,,,,,,,,,,,,,,,,,,,,,5,1,6,1,0,,,,,,,,,,,,,,,,,,,,,,,,,,,2,96
1017,,,,,,,,,,,,,,,,,,,,,,3,3,6,1,0,,,,,,,,,,,,,,,,,,,,,,,,,,,2,99
1018,,,,,,,,,,,,,,,,,,,,,,3,2,5,1,0,,,,,,,,,,,,,,,,,,,,,,,,,,,2,77
1019,,,,,,,,,,,,,,,,,,,,,,3,2,5,0,0,,,,,,,,,,,,,,,,,,,,,,,,,,,2,91
1020,,,,,,,,,,,,,,,,,,,,,,3,1,4,1,0,,,,,,,,,,,,,,,,,,,,,,,,,,,2,80
1021,,,,,,,,,,,,,,,,,,,,,,3,1,4,1,0,,,,,,,,,,,,,,,,,,,,,,,,,,,2,94
1022,,,,,,,,,,,,,,,,,,,,,,3,1,4,1,0,,,,,,,,,,,,,,,,,,,,,,,,,,,2,95
1023,,,,,,,,,,,,,,,,,,,,,,2,1,3,2,1,,,,,,,,2,,,,,,,,,,,,,,,,,,,2,61
1024,,,,,,,,,,,,,,,,,,,,,,0,3,3,1,0,,,,,,,,,,,,,,,,,,,,,,,,,,,2,68
1025,,,,,,,,,,,,,,,,,,,,,,2,0,2,0,0,,,,,,,,,,,,,,,,,,,,,,,,,,,2,76
1026,,,,,,,,,,,,,,,,,,,,,,0,2,2,1,0,,,,,,,,,,,,,,,,,,,,,,,,,,,2,63
1027,,,,,,,,,,,,,,,,,,,,,,0,2,2,1,0,,,,,1,,,,,,,,,,,,,,,,,,,,,,2,64
1028,,,,,,,,,,,,,,,,,,,,,,0,2,2,1,0,,,,,1,,,,,,,,,,,,,,,,,,,,,,2,66
1029,,,,,,,,,,,,,,,,,,,,,,1,0,1,1,0,,,,,,,,,,,,,,,,,,,,,,,,,,,2,36
1030,,,,,,,,,,,,,,,,,,,,,,0,1,1,1,0,,,,,,,,,,,,,,,,,,,,,,,,,,,2,58
1031,,,,,,,,,,,,,,,,,,,,,,1,0,1,0,0,,,,,,,,,,,,,,,,,,,,,,,,,,,2,93
1032,,,,,,,,,,,,,,,,,,,,,,0,1,1,0,0,,,,,,,,,,,,,,,,,,,,,,,,,,,2,60
1033,,,,,,,,,,,,,,,,,,,,,,0,1,1,0,0,,,,,,,,,,,,,,,,,,,,,,,,,,,2,62
1034,,,,,,,,,,,,,,,,,,,,,,0,1,1,0,0,,,,,,,,,,,,,,,,,,,,,,,,,,,2,97
1035,,,,,,,,,,,,,,,,,,,,,,0,1,1,0,0,,,,,,,,,,,,,,,,,,,,,,,,,,,2,65
1036,,,,,,,,,,,,,,,,,,,,,,1,0,1,0,0,,,,,,,,,,,,,,,,,,,,,,,,,,,2,98
1037,,,,,,,,,,,,,,,,,,,,,,0,1,1,1,0,,,,,,,,,,,,,,,,,,,,,,,,,,,2,100
1038,,,,,,,,,,,,,,,,,,,,,,1,0,1,0,0,,,,,,,,,,,,,,,,,,,,,,,,,,,2,32
1039,,,,,,,,,,,,,,,,,,,,,,,,,,,,,,,,,,,,,,,,,,,6,6,100,0,0,,6,,,,2,111
1040,,,,,,,,,,,,,,,,,,,,,,,,,,,,,,,,,,,,,,,,,,,,,,,,,,4,191,47.8,2,106
1041,21,39,53.8,259,6.6,3.7,1,3,102.7,4,1,0.3,0,,,,,4,1,0.3,0,,,,,,,,,,,,,,,,,,,,,,,,,,,,,,,,3,1
1042,,,,,,,,,,19,141,7.4,1,6,96,16,0,25,237,9.5,1,,,,,,,,,,,,,,,,,,,,,,,,,,,,,,,,3,6
1043,,,,,,,,,,7,30,4.3,0,2,31,15.5,0,9,61,6.8,0,1,0,1,0,0,,,,,,,,,,,,,,,,,,,,,,,,,,,3,7
1044,,,,,,,,,,3,11,3.7,0,,,,,3,11,3.7,0,,,,,,,,,,,,,,,,,,,,,,,,,,,,,,,,3,8
1045,,,,,,,,,,,,,,4,18,4.5,0,4,18,4.5,0,,,,,,,,,,,,,,,,,,,,,,,,,,,,,,,,3,20
1046,,,,,,,,,,,,,,3,46,15.3,0,3,46,15.3,0,,,,,,,,,,,,,,,,,,1,29,29,0,,,,,,,,,,,3,18
1047,,,,,,,,,,,,,,3,37,12.3,1,3,37,12.3,1,,,,,,,,,,,,,,,,,,,,,,,,,,,,,,,,3,32
1048,,,,,,,,,,,,,,1,11,11,0,1,11,11,0,,,,,,,,,,,,,,,,,,,,,,,,,,,,,,,,3,19
1049,,,,,,,,,,,,,,1,10,10,0,1,10,10,0,,,,,,,,,,,,,,,,,,,,,,,,,,,,,,,,3,34
1050,,,,,,,,,,,,,,1,10,10,0,1,10,10,0,,,,,,,,,,,,,,,,,,,,,,,,,,,,,,,,3,17
1051,,,,,,,,,,,,,,,,,,,,,,5,5,10,0,1,0,,0,1,,,,,,,,,,,,,,,,,,,,,,,3,91
1052,,,,,,,,,,,,,,,,,,,,,,4,3,7,0,,,,,,,,,,,,,,,,,,,,,,,,,,,,3,88
1053,,,,,,,,,,,,,,,,,,,,,,0,7,7,0,,,,,,,,,,,,,,,,,,,,,,,,,,,,3,62
1054,,,,,,,,,,,,,,,,,,,,,,1,6,7,0,,,,,,,,,,,,,,,,,,,,,,,,,,,,3,83
1055,,,,,,,,,,,,,,,,,,,,,,2,4,6,0,,,,,1,,,,1,,,,,,,,,,,,,,,,,,,3,99
1056,,,,,,,,,,,,,,,,,,,,,,3,2,5,0,,,,,,,,,1,,,,,,,,,,,,,,,,,,,3,95
1057,,,,,,,,,,,,,,,,,,,,,,2,3,5,1,,,,,,,,,,,,,,,,,,,,,,,,,,,,3,77
1058,,,,,,,,,,,,,,,,,,,,,,2,2,4,0,,,,,1,,,,,,,,,,,,,,,,,,,,,,,3,96
1059,,,,,,,,,,,,,,,,,,,,,,0,3,3,0,,,,,,,,,,,,,,,,,,,,,,,,,,,,3,81
1060,,,,,,,,,,,,,,,,,,,,,,0,3,3,0,,,,,,,,,,,,,,,,,,,,,,,,,,,,3,63
1061,,,,,,,,,,,,,,,,,,,,,,0,3,3,1,,,,,,,,,,,,,,,,,,,,,,,,,,,,3,67
1062,,,,,,,,,,,,,,,,,,,,,,1,1,2,1,,,,,,1,,,,,,,,,,,,,,,,,,,,,,3,66
1063,,,,,,,,,,,,,,,,,,,,,,2,0,2,1,,,,,,,,,,,,,,,,,,,,,,,,,,,,3,80
1064,,,,,,,,,,,,,,,,,,,,,,0,2,2,0,,,,,,,,,,,,,,,,,,,,,,,,,,,,3,68
1065,,,,,,,,,,,,,,,,,,,,,,1,0,1,0,,,,,,,,,,,,,,,,,,,,,,,,,,,,3,75
1066,,,,,,,,,,,,,,,,,,,,,,0,1,1,0,,,,,,,,,,,,,,,,,,,,,,,,,,,,3,59
1067,,,,,,,,,,,,,,,,,,,,,,0,1,1,0,,,,,,,,,,,,,,,,,,,,,,,,,,,,3,92
1068,,,,,,,,,,,,,,,,,,,,,,0,1,1,0,,,,,,,,,,,,,,,,,,,,,,,,,,,,3,4
1069,,,,,,,,,,,,,,,,,,,,,,0,1,1,0,,,,,1,,,,,,,,,,,,,,,,,,,,,,,3,64
1070,,,,,,,,,,,,,,,,,,,,,,,,,,,,,,,,,,,,,,,,,,,0,0,,1,3,33.3,3,,,,3,109
1071,,,,,,,,,,,,,,,,,,,,,,,,,,,,,,,,,,,,,,,,,,,2,2,100,1,2,50,5,,,,3,111
1072,,,,,,,,,,,,,,,,,,,,,,,,,,,,,,,,,,,,,,,,,,,,,,,,,,3,135,45,3,106
1073,17,27,63,187,6.9,7.7,1,0,133.4,1,2,2,0,,,,,1,2,2,0,,,,,,,,,,,,,,,,,,,,,,,,,,,,,,,,4,1
1074,2,5,40,-3,-0.6,-0.6,0,0,35,3,4,1.3,0,,,,,3,4,1.3,0,,,,,,,,,,,,,,,,,,,,,,,,,,,,,,,,4,3
1075,,,,,,,,,,25,101,4,1,2,-9,-4.5,0,27,92,3.4,1,,,,,,,,,,,,,,,,,,,,,,,,,,,,,,,,4,6
1076,,,,,,,,,,5,13,2.6,0,1,11,11,0,6,24,4,0,,,,,,,,,,,,,,,,,,,,,,,,,,,,,,,,4,7
1077,,,,,,,,,,2,6,3,0,,,,,2,6,3,0,,,,,,,,,,,,,,,,,,,,,,,,,,,,,,,,4,8
1078,,,,,,,,,,1,15,15,0,2,21,10.5,1,3,36,12,1,,,,,,,,,,,,,,,,,,,,,,,,,,,,,,,,4,16
1079,,,,,,,,,,,,,,7,123,17.6,0,7,123,17.6,0,,,,,,,,,,,,,,,,,,,,,,,,,,,,,,,,4,20
1080,,,,,,,,,,,,,,2,17,8.5,0,2,17,8.5,0,,,,,,,,,,,,,,,,,,,,,,,,,,,,,,,,4,32
1081,,,,,,,,,,,,,,2,10,5,0,2,10,5,0,,,,,,,,,,,,,,,,,,,,,,,,,,,,,,,,4,17
1082,,,,,,,,,,,,,,1,6,6,0,1,6,6,0,,,,,,,,,,,,,,,,,,,,,,,,,,,,,,,,4,21
1083,,,,,,,,,,,,,,1,6,6,0,1,6,6,0,,,,,,,,,,,,,,,,,,,,,,,,,,,,,,,,4,19
1084,,,,,,,,,,,,,,1,-1,-1,0,1,-1,-1,0,,,,,,,,,,,,,,,,,,,,,,,,,,,,,,,,4,34
1085,,,,,,,,,,,,,,,,,,,,,,6,3,9,0,,,,,1,,,,,,,,,,,,,,,,,,,,,,,4,83
1086,,,,,,,,,,,,,,,,,,,,,,3,2,5,0,,,,,,,,,,,,,,,,,,,,,,,,,,,,4,77
1087,,,,,,,,,,,,,,,,,,,,,,4,1,5,0,,,,,,,,,,,,,,,,,,,,,,,,,,,,4,95
1088,,,,,,,,,,,,,,,,,,,,,,1,4,5,1,,,,,,,,,,,,,,,,,,,,,,,,,,,,4,68
1089,,,,,,,,,,,,,,,,,,,,,,3,1,4,4,,,,,,,,,,,,,,,,,,,,,,,,,,,,4,80
1090,,,,,,,,,,,,,,,,,,,,,,2,2,4,2,,,,,,,,,,,,,,,,,,,,,,,,,,,,4,63
1091,,,,,,,,,,,,,,,,,,,,,,4,0,4,0,,,,,2,,,,,,,,,,,,,,,,,,,,,,,4,96
1092,,,,,,,,,,,,,,,,,,,,,,3,0,3,0,,,,,1,,,,,,,,,,,,,,,,,,,,,,,4,88
1093,,,,,,,,,,,,,,,,,,,,,,1,2,3,1,,,,,,,,,,,,,,,,,,,,,,,,,,,,4,62
1094,,,,,,,,,,,,,,,,,,,,,,1,2,3,1,,,,,,,,,,,,,,,,,,,,,,,,,,,,4,64
1095,,,,,,,,,,,,,,,,,,,,,,1,2,3,0,,,,,1,,,,,,,,,,,,,,,,,,,,,,,4,99
1096,,,,,,,,,,,,,,,,,,,,,,1,1,2,1,,,,,1,,,,,,,,,,,,,,,,,,,,,,,4,76
1097,,,,,,,,,,,,,,,,,,,,,,2,0,2,1,,,,,,,,,,,,,,,,,,,,,,,,,,,,4,91
1098,,,,,,,,,,,,,,,,,,,,,,2,0,2,1,,,,,,,,,,,,,,,,,,,,,,,,,,,,4,60
1099,,,,,,,,,,,,,,,,,,,,,,2,0,2,1,,,,,,,,,,,,,,,,,,,,,,,,,,,,4,66
1100,,,,,,,,,,,,,,,,,,,,,,,,,,,,,,,,,,,1,10,10,0,3,27,9,0,,,,,,,,,,,4,18
1101,,,,,,,,,,,,,,,,,,,,,,,,,,,,,,,,,,,,,,,,,,,2,2,100,1,1,100,5,,,,4,111
1102,,,,,,,,,,,,,,,,,,,,,,,,,,,,,,,,,,,,,,,,,,,0,0,,0,1,,0,,,,4,109
1103,,,,,,,,,,,,,,,,,,,,,,,,,,,,,,,,,,,,,,,,,,,,,,,,,,8,391,48.9,4,106
1104,5,16,31.3,64,4,-1.6,0,2,39.9,1,-4,-4,0,,,,,1,-4,-4,0,,,,,,,,,,,,,,,,,,,,,,,,,,,,,,,,5,1
1105,6,7,85.7,16,2.3,2.3,0,0,104.9,5,-4,-0.8,0,,,,,5,-4,-0.8,0,,,,,,,,,,,,,,,,,,,,,,,,,,,,,,,,5,3
1106,,,,,,,,,,16,44,2.8,0,4,47,11.8,0,20,91,4.6,0,,,,,,,,,,,,,,,,,,,,,,,,,,,,,,,,5,6
1107,,,,,,,,,,3,16,5.3,0,,,,,3,16,5.3,0,,,,,,,,,,,,,,,,,,,,,,,,,,,,,,,,5,8
1108,,,,,,,,,,2,7,3.5,0,3,15,5,0,5,22,4.4,0,,,,,,,,,,,,,,2,34,17,0,,,,,,,,,,,,,,,5,7
1109,,,,,,,,,,1,7,7,0,1,-1,-1,0,2,6,3,0,,,,,,,,,,,,,,1,26,26,0,,,,,,,,,,,,,,,5,9
1110,,,,,,,,,,,,,,1,9,9,0,1,9,9,0,,,,,,,,,,,,,,,,,,,,,,,,,,,,,,,,5,19
1111,,,,,,,,,,,,,,1,7,7,0,1,7,7,0,,,,,,,,,,,,,,,,,,,,,,,,,,,,,,,,5,21
1112,,,,,,,,,,,,,,1,3,3,0,1,3,3,0,,,,,,,,,,,,,,,,,,,,,,,,,,,,,,,,5,32
1113,,,,,,,,,,,,,,,,,,,,,,3,7,10,1,,,,,1,,,,,,,,,,,,,,,,,,,,,,,5,83
1114,,,,,,,,,,,,,,,,,,,,,,7,2,9,0,,,,,,,,,,,,,,,,,,,,,,,,,,,,5,88
1115,,,,,,,,,,,,,,,,,,,,,,4,5,9,1,,,,,,,,,,,,,,,,,,,,,,,,,,,,5,68
1116,,,,,,,,,,,,,,,,,,,,,,4,4,8,0,,,,,,,,,,,,,,,,,,,,,,,,,,,,5,99
1117,,,,,,,,,,,,,,,,,,,,,,3,5,8,0,,,,,,,,,,,,,,,,,,,,,,,,,,,,5,77
1118,,,,,,,,,,,,,,,,,,,,,,3,3,6,1,,,,,,,,,,,,,,,,,,,,,,,,,,,,5,91
1119,,,,,,,,,,,,,,,,,,,,,,1,4,5,2,,,,,,,,,,,,,,,,,,,,,,,,,,,,5,80
1120,,,,,,,,,,,,,,,,,,,,,,1,1,2,0,1,0,,0,1,,,,,,,,,,,,,,,,,,,,,,,5,95
1121,,,,,,,,,,,,,,,,,,,,,,2,0,2,0,,,,,,,,,,,,,,,,,,,,,,,,,,,,5,66
1122,,,,,,,,,,,,,,,,,,,,,,2,0,2,0,,,,,,,,,,,,,,,,,,,,,,,,,,,,5,78
1123,,,,,,,,,,,,,,,,,,,,,,2,0,2,0,,,,,,,,,,,,,,,,,,,,,,,,,,,,5,60
1124,,,,,,,,,,,,,,,,,,,,,,2,0,2,0,,,,,,,,,,,,,,,,,,,,,,,,,,,,5,67
1125,,,,,,,,,,,,,,,,,,,,,,1,1,2,0,,,,,,,,,,,,,,,,,,,,,,,,,,,,5,100
1126,,,,,,,,,,,,,,,,,,,,,,1,0,1,0,,,,,,,,,,,,,,,,,,,,,,,,,,,,5,75
1127,,,,,,,,,,,,,,,,,,,,,,0,1,1,0,,,,,,,,,,,,,,,,,,,,,,,,,,,,5,76
1128,,,,,,,,,,,,,,,,,,,,,,1,0,1,0,,,,,,,,,,,,,,,,,,,,,,,,,,,,5,58
1129,,,,,,,,,,,,,,,,,,,,,,0,1,1,0,,,,,,,,,,,,,,,,,,,,,,,,,,,,5,79
1130,,,,,,,,,,,,,,,,,,,,,,1,0,1,0,,,,,,,,,,,,,,,,,,,,,,,,,,,,5,93
1131,,,,,,,,,,,,,,,,,,,,,,0,1,1,0,,,,,,,,,,,,,,,,,,,,,,,,,,,,5,62
1132,,,,,,,,,,,,,,,,,,,,,,1,0,1,0,,,,,,,,,,,,,,,,,,,,,,,,,,,,5,63
1133,,,,,,,,,,,,,,,,,,,,,,0,1,1,0,,,,,,,,,,,,,,,,,,,,,,,,,,,,5,64
1134,,,,,,,,,,,,,,,,,,,,,,1,0,1,0,,,,,,,,,,,,,,,,,,,,,,,,,,,,5,40
1135,,,,,,,,,,,,,,,,,,,,,,,,,,,,,,,,,,,,,,,,,,,,,,,,,,8,373,46.6,5,106
1136,11,18,61.1,133,7.4,7.4,0,0,123.2,17,-2,-0.1,0,,,,,17,-2,-0.1,0,,,,,,,,,,,,,,,,,,,,,,,,,,,,,,,,6,3
1137,0,1,,0,,,0,0,,,,,,1,10,10,0,1,10,10,0,,,,,,,,,,,,,,,,,,,,,,,,,,,,,,,,6,17
1138,,,,,,,,,,16,58,3.6,0,2,21,10.5,0,18,79,4.4,0,,,,,,,,,,,,,,,,,,,,,,,,,,,,,,,,6,6
1139,,,,,,,,,,4,45,11.3,0,1,11,11,0,5,56,11.2,0,,,,,,,,,,,,,,1,21,21,0,,,,,,,,,,,,,,,6,7
1140,,,,,,,,,,1,13,13,0,,,,,1,13,13,0,,,,,,,,,,,,,,,,,,,,,,,,,,,,,,,,6,1
1141,,,,,,,,,,1,6,6,0,,,,,1,6,6,0,,,,,,,,,,,,,,,,,,,,,,,,,,,,,,,,6,19
1142,,,,,,,,,,,,,,4,37,9.3,0,4,37,9.3,0,,,,,,,,,,,,,,,,,,1,10,10,0,,,,,,,,,,,6,18
1143,,,,,,,,,,,,,,3,54,18,0,3,54,18,0,,,,,,,,,,,,,,,,,,,,,,,,,,,,,,,,6,20
1144,,,,,,,,,,,,,,,,,,,,,,8,2,10,1,,,,,,,,,,,,,,,,,,,,,,,,,,,,6,91
1145,,,,,,,,,,,,,,,,,,,,,,5,4,9,0,,,,,,,,,,,,,,,,,,,,,,,,,,,,6,99
1146,,,,,,,,,,,,,,,,,,,,,,6,1,7,2,,,,,,,,,,,,,,,,,,,,,,,,,,,,6,83
1147,,,,,,,,,,,,,,,,,,,,,,4,2,6,0,,,,,,,,,,,,,,,,,,,,,,,,,,,,6,88
1148,,,,,,,,,,,,,,,,,,,,,,2,2,4,0,,,,,,,,,,,,,,,,,,,,,,,,,,,,6,96
1149,,,,,,,,,,,,,,,,,,,,,,1,3,4,1,,,,,,,,,,,,,,,,,,,,,,,,,,,,6,67
1150,,,,,,,,,,,,,,,,,,,,,,4,0,4,0,,,,,,,,,,,,,,,,,,,,,,,,,,,,6,100
1151,,,,,,,,,,,,,,,,,,,,,,1,2,3,0,,,,,,,,,,,,,,,,,,,,,,,,,,,,6,62
1152,,,,,,,,,,,,,,,,,,,,,,3,0,3,0,,,,,,,,,,,,,,,,,,,,,,,,,,,,6,95
1153,,,,,,,,,,,,,,,,,,,,,,1,2,3,1,,,,,,,,,,,,,,,,,,,,,,,,,,,,6,64
1154,,,,,,,,,,,,,,,,,,,,,,1,2,3,0,,,,,,,,,,,,,,,,,,,,,,,,,,,,6,68
1155,,,,,,,,,,,,,,,,,,,,,,2,0,2,0,,,,,,,,,,,,,,,,,,,,,,,,,,,,6,77
1156,,,,,,,,,,,,,,,,,,,,,,1,1,2,0,,,,,,,,,,,,,,,,,,,,,,,,,,,,6,80
1157,,,,,,,,,,,,,,,,,,,,,,2,0,2,1,,,,,,,,,,,,,,,,,,,,,,,,,,,,6,63
1158,,,,,,,,,,,,,,,,,,,,,,2,0,2,0,,,,,,,,,,,,,,,,,,,,,,,,,,,,6,97
1159,,,,,,,,,,,,,,,,,,,,,,0,2,2,0,,,,,,,,,,,,,,,,,,,,,,,,,,,,6,65
1160,,,,,,,,,,,,,,,,,,,,,,1,0,1,0,,,,,,,,,,,,,,,,,,,,,,,,,,,,6,92
1161,,,,,,,,,,,,,,,,,,,,,,0,1,1,0,,,,,,,,,,,,,,,,,,,,,,,,,,,,6,93
1162,,,,,,,,,,,,,,,,,,,,,,,,,,,,,,,,,,,,,,,,,,,,,,,,,,,,,6,39
1163,,,,,,,,,,,,,,,,,,,,,,,,,,,,,,,,,,,,,,,,,,,0,0,,3,3,100,9,,,,6,109
1164,,,,,,,,,,,,,,,,,,,,,,,,,,,,,,,,,,,,,,,,,,,,,,,,,,6,314,52.3,6,106
1165,9,16,56.3,44,2.8,-0.1,0,1,66.9,11,-12,-1.1,0,,,,,11,-12,-1.1,0,,,,,,,,,,,,,,,,,,,,,,,,,,,,,,,,7,3
1166,,,,,,,,,,12,63,5.3,0,2,5,2.5,0,14,68,4.9,0,,,,,,,,,,,,,,,,,,,,,,,,,,,,,,,,7,6
1167,,,,,,,,,,4,2,0.5,0,,,,,4,2,0.5,0,,,,,,,,,,,,,,4,94,23.5,0,,,,,,,,,,,,,,,7,7
1168,,,,,,,,,,2,7,3.5,0,1,8,8,0,3,15,5,0,,,,,,,,,,,,,,,,,,,,,,,,,,,,,,,,7,9
1169,,,,,,,,,,1,4,4,0,3,14,4.7,0,4,18,4.5,0,,,,,,,,,,,,,,,,,,,,,,,,,,,,,,,,7,18
1170,,,,,,,,,,,,,,2,11,5.5,0,2,11,5.5,0,,,,,,,,,,,,,,,,,,,,,,,,,,,,,,,,7,32
1171,,,,,,,,,,,,,,1,6,6,0,1,6,6,0,1,0,1,0,,,,,,,,,,,,,,,,,,,,,,,,,,,,7,20
1172,,,,,,,,,,,,,,,,,,,,,,7,5,12,1,,,,,,,,,,,,,,,,,,,,,,,,,,,,7,98
1173,,,,,,,,,,,,,,,,,,,,,,5,6,11,0,,,,,,,,,,,,,,,,,,,,,,,,,,,,7,83
1174,,,,,,,,,,,,,,,,,,,,,,3,6,9,0,1,97,97,1,0,,,,,,,,,,,,,,,,,,,,,,,7,77
1175,,,,,,,,,,,,,,,,,,,,,,6,3,9,0,,,,,,,,,,,,,,,,,,,,,,,,,,,,7,88
1176,,,,,,,,,,,,,,,,,,,,,,4,3,7,1,,,,,1,,,,,,,,,,,,,,,,,,,,,,,7,99
1177,,,,,,,,,,,,,,,,,,,,,,2,4,6,0,,,,,,,,,,,,,,,,,,,,,,,,,,,,7,64
1178,,,,,,,,,,,,,,,,,,,,,,2,3,5,0,,,,,,,,,,,,,,,,,,,,,,,,,,,,7,63
1179,,,,,,,,,,,,,,,,,,,,,,2,1,3,0,,,,,,,,,,,,,,,,,,,,,,,,,,,,7,80
1180,,,,,,,,,,,,,,,,,,,,,,1,2,3,0,,,,,,,,,,,,,,,,,,,,,,,,,,,,7,62
1181,,,,,,,,,,,,,,,,,,,,,,0,3,3,0,,,,,,,,,,,,,,,,,,,,,,,,,,,,7,67
1182,,,,,,,,,,,,,,,,,,,,,,3,0,3,0,,,,,,,,,,,,,,,,,,,,,,,,,,,,7,100
1183,,,,,,,,,,,,,,,,,,,,,,2,0,2,0,,,,,,,,,1,,,,,,,,,,,,,,,,,,,7,92
1184,,,,,,,,,,,,,,,,,,,,,,1,1,2,0,,,,,2,1,,,0,,,,,,,,,,,,,,,,,,,7,91
1185,,,,,,,,,,,,,,,,,,,,,,1,1,2,0,,,,,,,,,,,,,,,,,,,,,,,,,,,,7,75
1186,,,,,,,,,,,,,,,,,,,,,,0,2,2,0,,,,,,,,,,,,,,,,,,,,,,,,,,,,7,76
1187,,,,,,,,,,,,,,,,,,,,,,1,1,2,0,,,,,,,,,,,,,,,,,,,,,,,,,,,,7,79
1188,,,,,,,,,,,,,,,,,,,,,,1,1,2,0,,,,,,,,,,,,,,,,,,,,,,,,,,,,7,60
1189,,,,,,,,,,,,,,,,,,,,,,1,1,2,0,,,,,,,,,,,,,,,,,,,,,,,,,,,,7,96
1190,,,,,,,,,,,,,,,,,,,,,,0,2,2,0,,,,,,,,,,,,,,,,,,,,,,,,,,,,7,68
1191,,,,,,,,,,,,,,,,,,,,,,1,0,1,0,,,,,,,,,,,,,,,,,,,,,,,,,,,,7,90
1192,,,,,,,,,,,,,,,,,,,,,,1,0,1,0,,,,,,,,,,,,,,,,,,,,,,,,,,,,7,93
1193,,,,,,,,,,,,,,,,,,,,,,0,1,1,0,,,,,,,,,,,,,,,,,,,,,,,,,,,,7,61
1194,,,,,,,,,,,,,,,,,,,,,,1,0,1,0,,,,,,,,,,,,,,,,,,,,,,,,,,,,7,82
1195,,,,,,,,,,,,,,,,,,,,,,,,,,,,,,,,,,,,,,,,,,,1,1,100,0,0,,1,,,,7,109
1196,,,,,,,,,,,,,,,,,,,,,,,,,,,,,,,,,,,,,,,,,,,,,,,,,,9,412,45.8,7,106
1197,18,23,78.3,242,10.5,10.5,0,0,166.6,15,-5,-0.3,0,,,,,15,-5,-0.3,0,,,,,,,,,,,,,,,,,,,,,,,,,,,,,,,,8,3
1198,,,,,,,,,,22,120,5.5,2,2,33,16.5,0,24,153,6.4,2,,,,,,,,,,,,,,,,,,,,,,,,,,,,,,,,8,7
1199,,,,,,,,,,13,73,5.6,0,1,12,12,0,14,85,6.1,0,,,,,,,,,,,,,,,,,,,,,,,,,,,,,,,,8,8
1200,,,,,,,,,,3,11,3.7,0,2,5,2.5,0,5,16,3.2,0,,,,,,,,,,,,,,,,,,,,,,,,,,,,,,,,8,9
1201,,,,,,,,,,1,4,4,0,,,,,1,4,4,0,,,,,,,,,,,,,,,,,,,,,,,,,,,,,,,,8,16
1202,,,,,,,,,,,,,,3,40,13.3,0,3,40,13.3,0,,,,,,,,,,,,,,,,,,,,,,,,,,,,,,,,8,20
1203,,,,,,,,,,,,,,3,33,11,0,3,33,11,0,,,,,,,,,,,,,,,,,,,,,,,,,,,,,,,,8,32
1204,,,,,,,,,,,,,,2,59,29.5,0,2,59,29.5,0,,,,,,,,,,,,,,,,,,,,,,,,,,,,,,,,8,21
1205,,,,,,,,,,,,,,2,31,15.5,0,2,31,15.5,0,,,,,,,,,,,,,,,,,,,,,,,,,,,,,,,,8,19
1206,,,,,,,,,,,,,,2,16,8,0,2,16,8,0,,,,,,,,,,,,,,3,26,8.7,0,2,-2,-1,0,,,,,,,,,,,8,18
1207,,,,,,,,,,,,,,1,13,13,0,1,13,13,0,,,,,,,,,,,,,,,,,,,,,,,,,,,,,,,,8,17
1208,,,,,,,,,,,,,,,,,,,,,,6,0,6,0,,,,,,1,,,1,,,,,,,,,,,,,,,,,,,8,99
1209,,,,,,,,,,,,,,,,,,,,,,4,1,5,1,,,,,,,,,2,,,,,,,,,,,,,,,,,,,8,68
1210,,,,,,,,,,,,,,,,,,,,,,2,3,5,0,,,,,,1,,,1,,,,,,,,,,,,,,,,,,,8,91
1211,,,,,,,,,,,,,,,,,,,,,,2,3,5,1,,,,,,,,,,,,,,,,,,,,,,,,,,,,8,88
1212,,,,,,,,,,,,,,,,,,,,,,3,1,4,0,,,,,,,,,,,,,,,,,,,,,,,,,,,,8,64
1213,,,,,,,,,,,,,,,,,,,,,,2,1,3,0,,,,,,1,,,0,,,,,,,,,,,,,,,,,,,8,76
1214,,,,,,,,,,,,,,,,,,,,,,2,1,3,0,,,,,,,,,,,,,,,,,,,,,,,,,,,,8,93
1215,,,,,,,,,,,,,,,,,,,,,,2,1,3,0,,,,,,,,,,,,,,,,,,,,,,,,,,,,8,95
1216,,,,,,,,,,,,,,,,,,,,,,1,1,2,0,,,,,,1,,,0,,,,,,,,,,,,,,,,,,,8,67
1217,,,,,,,,,,,,,,,,,,,,,,1,1,2,0,,,,,1,,,,,,,,,,,,,,,,,,,,,,,8,77
1218,,,,,,,,,,,,,,,,,,,,,,2,0,2,0,,,,,,,,,,,,,,,,,,,,,,,,,,,,8,80
1219,,,,,,,,,,,,,,,,,,,,,,2,0,2,0,,,,,1,,,,,,,,,,,,,,,,,,,,,,,8,63
1220,,,,,,,,,,,,,,,,,,,,,,2,0,2,0,,,,,,,,,,,,,,,,,,,,,,,,,,,,8,98
1221,,,,,,,,,,,,,,,,,,,,,,1,0,1,0,,,,,,,,,,,,,,,,,,,,,,,,,,,,8,92
1222,,,,,,,,,,,,,,,,,,,,,,1,0,1,0,,,,,,,,,,,,,,,,,,,,,,,,,,,,8,62
1223,,,,,,,,,,,,,,,,,,,,,,1,0,1,0,,,,,,,,,,,,,,,,,,,,,,,,,,,,8,96
1224,,,,,,,,,,,,,,,,,,,,,,0,1,1,0,,,,,,,,,,,,,,,,,,,,,,,,,,,,8,97
1225,,,,,,,,,,,,,,,,,,,,,,1,0,1,0,,,,,,,,,,,,,,,,,,,,,,,,,,,,8,83
1226,,,,,,,,,,,,,,,,,,,,,,,,,,,,,,,,,,,,,,,,,,,2,2,100,4,6,66.7,14,,,,8,109
1227,,,,,,,,,,,,,,,,,,,,,,,,,,,,,,,,,,,,,,,,,,,,,,,,,,3,111,37,8,106
1228,9,13,69.2,102,7.8,7.8,0,0,135.1,2,-4,-2,1,,,,,2,-4,-2,1,,,,,,,,,,,,,,,,,,,,,,,,,,,,,,,,9,3
1229,1,8,12.5,13,1.6,1.6,0,0,26.2,4,7,1.8,0,,,,,4,7,1.8,0,,,,,,,,,,,,,,,,,,,,,,,,,,,,,,,,9,4
1230,,,,,,,,,,20,79,4,2,1,-5,-5,0,21,74,3.5,2,,,,,,,,,,,,,,,,,,,,,,,,,,,,,,,,9,6
1231,,,,,,,,,,11,15,1.4,0,,,,,11,15,1.4,0,,,,,,,,,,,,,,,,,,,,,,,,,,,,,,,,9,7
1232,,,,,,,,,,,,,,2,53,26.5,0,2,53,26.5,0,,,,,,,,,,,,,,,,,,,,,,,,,,,,,,,,9,18
1233,,,,,,,,,,,,,,2,20,10,0,2,20,10,0,,,,,,,,,,,,,,,,,,,,,,,,,,,,,,,,9,32
1234,,,,,,,,,,,,,,1,12,12,0,1,12,12,0,,,,,,,,,,,,,,,,,,,,,,,,,,,,,,,,9,24
1235,,,,,,,,,,,,,,1,12,12,0,1,12,12,0,,,,,,,,,,,,,,,,,,,,,,,,,,,,,,,,9,33
1236,,,,,,,,,,,,,,1,11,11,0,1,11,11,0,,,,,,,,,,,,,,,,,,,,,,,,,,,,,,,,9,19
1237,,,,,,,,,,,,,,1,6,6,0,1,6,6,0,,,,,,,,,,,,,,,,,,,,,,,,,,,,,,,,9,16
1238,,,,,,,,,,,,,,1,6,6,0,1,6,6,0,,,,,,,,,,,,,,,,,,,,,,,,,,,,,,,,9,8
1239,,,,,,,,,,,,,,,,,,,,,,5,4,9,0,,,,,1,1,,,0,,,,,,,,,,,,,,,,,,,9,91
1240,,,,,,,,,,,,,,,,,,,,,,3,4,7,0,,,,,2,,,,,,,,,,,,,,,,,,,,,,,9,76
1241,,,,,,,,,,,,,,,,,,,,,,2,5,7,2,,,,,,,,,,,,,,,,,,,,,,,,,,,,9,80
1242,,,,,,,,,,,,,,,,,,,,,,2,4,6,0,,,,,,,,,,,,,,,,,,,,,,,,,,,,9,83
1243,,,,,,,,,,,,,,,,,,,,,,4,2,6,1,,,,,,,,,,,,,,,,,,,,,,,,,,,,9,99
1244,,,,,,,,,,,,,,,,,,,,,,3,2,5,0,,,,,,,,,,,,,,,,,,,,,,,,,,,,9,88
1245,,,,,,,,,,,,,,,,,,,,,,3,2,5,2,,,,,,,,,,,,,,,,,,,,,,,,,,,,9,64
1246,,,,,,,,,,,,,,,,,,,,,,3,2,5,2,,,,,,,,,,,,,,,,,,,,,,,,,,,,9,67
1247,,,,,,,,,,,,,,,,,,,,,,3,1,4,2,,,,,1,,,,1,,,,,,,,,,,,,,,,,,,9,66
1248,,,,,,,,,,,,,,,,,,,,,,1,3,4,0,,,,,1,,,,,,,,,,,,,,,,,,,,,,,9,77
1249,,,,,,,,,,,,,,,,,,,,,,3,1,4,0,,,,,,,,,,,,,,,,,,,,,,,,,,,,9,63
1250,,,,,,,,,,,,,,,,,,,,,,2,1,3,0,1,19,19,0,2,,,,,,,,,,,,,,,,,,,,,,,9,96
1251,,,,,,,,,,,,,,,,,,,,,,1,2,3,0,,,,,,,,,,,,,,,,,,,,,,,,,,,,9,68
1252,,,,,,,,,,,,,,,,,,,,,,1,1,2,0,,,,,,,,,,,,,,,,,,,,,,,,,,,,9,95
1253,,,,,,,,,,,,,,,,,,,,,,,,,,,,,,,,,,,2,57,28.5,0,,,,,,,,,,,,,,,9,89
1254,,,,,,,,,,,,,,,,,,,,,,,,,,,,,,,,,,,,,,,,,,,3,3,100,1,1,100,6,,,,9,111
1255,,,,,,,,,,,,,,,,,,,,,,,,,,,,,,,,,,,,,,,,,,,,,,,,,,8,394,49.3,9,106
1256,16,32,50,139,4.3,2.2,1,2,84.3,14,63,4.5,0,,,,,14,63,4.5,0,,,,,,,,,,,,,,,,,,,,,,,,,,,,,,,,10,4
1257,,,,,,,,,,9,17,1.9,0,6,13,2.2,0,15,30,2,0,,,,,,,,,,,,,,,,,,,,,,,,,,,,,,,,10,6
1258,,,,,,,,,,8,33,4.1,0,1,7,7,0,9,40,4.4,0,,,,,,,,,,,,,,5,112,22.4,0,,,,,,,,,,,,,,,10,7
1259,,,,,,,,,,3,31,10.3,0,,,,,3,31,10.3,0,,,,,,,,,,,,,,,,,,,,,,,,,,,,,,,,10,8
1260,,,,,,,,,,1,5,5,0,,,,,1,5,5,0,,,,,,,,,,,,,,,,,,,,,,,,,,,,,,,,10,9
1261,,,,,,,,,,,,,,3,45,15,0,3,45,15,0,,,,,,,,,,,,,,,,,,,,,,,,,,,,,,,,10,20
1262,,,,,,,,,,,,,,3,45,15,1,3,45,15,1,,,,,,,,,,,,,,,,,,,,,,,,,,,,,,,,10,32
1263,,,,,,,,,,,,,,1,19,19,0,1,19,19,0,,,,,,,,,,,,,,,,,,,,,,,,,,,,,,,,10,33
1264,,,,,,,,,,,,,,1,5,5,0,1,5,5,0,,,,,,,,,,,,,,,,,,,,,,,,,,,,,,,,10,21
1265,,,,,,,,,,,,,,1,5,5,0,1,5,5,0,,,,,,,,,,,,,,,,,,,,,,,,,,,,,,,,10,19
1266,,,,,,,,,,,,,,,,,,,,,,11,2,13,0,,,,,,,,,,,,,,,,,,,,,,,,,,,,10,88
1267,,,,,,,,,,,,,,,,,,,,,,9,1,10,0,,,,,,,,,,,,,,,,,,,,,,,,,,,,10,83
1268,,,,,,,,,,,,,,,,,,,,,,3,4,7,1,,,,,,,,,,,,,,,,,,,,,,,,,,,,10,77
1269,,,,,,,,,,,,,,,,,,,,,,3,2,5,0,1,70,70,1,0,,,,,,,,,,,,,,,,,,,,,,,10,99
1270,,,,,,,,,,,,,,,,,,,,,,4,1,5,1,,,,,,,,,,,,,,,,,,,,,,,,,,,,10,95
1271,,,,,,,,,,,,,,,,,,,,,,4,0,4,0,,,,,,,,,,,,,,,,,,,,,,,,,,,,10,64
1272,,,,,,,,,,,,,,,,,,,,,,4,0,4,0,,,,,,,,,,,,,,,,,,,,,,,,,,,,10,98
1273,,,,,,,,,,,,,,,,,,,,,,3,0,3,0,,,,,,,,,,,,,,,,,,,,,,,,,,,,10,76
1274,,,,,,,,,,,,,,,,,,,,,,3,0,3,0,,,,,,,,,,,,,,1,3,3,0,,,,,,,,,,,10,96
1275,,,,,,,,,,,,,,,,,,,,,,1,1,2,0,,,,,,,,,,,,,,,,,,,,,,,,,,,,10,58
1276,,,,,,,,,,,,,,,,,,,,,,1,1,2,0,,,,,,,,,,,,,,,,,,,,,,,,,,,,10,63
1277,,,,,,,,,,,,,,,,,,,,,,1,0,1,0,,,,,,,,,,,,,,,,,,,,,,,,,,,,10,75
1278,,,,,,,,,,,,,,,,,,,,,,1,0,1,0,,,,,,,,,,,,,,,,,,,,,,,,,,,,10,57
1279,,,,,,,,,,,,,,,,,,,,,,1,0,1,0,,,,,,,,,,,,,,,,,,,,,,,,,7,316,45.1,10,106
1280,,,,,,,,,,,,,,,,,,,,,,1,0,1,0,,,,,,,,,,,,,,,,,,,,,,,,,,,,10,91
1281,,,,,,,,,,,,,,,,,,,,,,1,0,1,0,,,,,,,,,,,,,,,,,,,,,,,,,,,,10,93
1282,,,,,,,,,,,,,,,,,,,,,,1,0,1,1,,,,,,,,,,,,,,,,,,,,,,,,,,,,10,60
1283,,,,,,,,,,,,,,,,,,,,,,1,0,1,0,,,,,,,,,,,,,,,,,,,,,,,,,,,,10,41
1284,,,,,,,,,,,,,,,,,,,,,,1,0,1,0,,,,,,,,,,,,,,,,,,,,,,,,,,,,10,67
1285,,,,,,,,,,,,,,,,,,,,,,,,,,,,,,,,,,,1,8,8,0,,,,,,,,,,,,,,,10,16
1286,,,,,,,,,,,,,,,,,,,,,,,,,,,,,,,,,,,,,,,,,,,2,2,100,1,1,100,5,,,,10,111
1287,13,23,56.5,239,10.4,11.3,1,0,158.2,6,-9,-1.5,0,,,,,6,-9,-1.5,0,,,,,,,,,,,,,,,,,,,,,,,,,,,,,,,,11,3
1288,1,1,100,10,10,10,0,0,184,25,47,1.9,0,3,31,10.3,0,28,78,2.8,0,,,,,,,,,,,,,,,,,,,,,,,,,,,,,,,,11,6
1289,0,1,,0,,,0,0,,,,,,,,,,,,,,,,,,,,,,,,,,,,,,,,,,,,,,,,,,,,,11,16
1290,,,,,,,,,,2,6,3,0,,,,,2,6,3,0,,,,,,,,,,,,,,,,,,,,,,,,,,,,,,,,11,8
1291,,,,,,,,,,,,,,3,25,8.3,0,3,25,8.3,0,,,,,,,,,,,,,,,,,,,,,,,,,,,,,,,,11,20
1292,,,,,,,,,,,,,,2,72,36,1,2,72,36,1,,,,,,,,,,,,,,1,0,,0,2,-8,-4,0,,,,,,,,,,,11,18
1293,,,,,,,,,,,,,,2,44,22,0,2,44,22,0,,,,,,,,,,,,,,2,29,14.5,0,,,,,,,,,,,,,,,11,9
1294,,,,,,,,,,,,,,2,7,3.5,0,2,7,3.5,0,,,,,,,,,,,,,,,,,,,,,,,,,,,,,,,,11,32
1295,,,,,,,,,,,,,,1,60,60,0,1,60,60,0,,,,,,,,,,,,,,,,,,,,,,,,,,,,,,,,11,21
1296,,,,,,,,,,,,,,1,10,10,0,1,10,10,0,,,,,,,,,,,,,,,,,,,,,,,,,,,,,,,,11,23
1297,,,,,,,,,,,,,,,,,,,,,,4,4,8,1,,,,,,,,,,,,,,,,,,,,,,,,,,,,11,77
1298,,,,,,,,,,,,,,,,,,,,,,7,1,8,4,,,,,,,,,,,,,,,,,,,,,,,,,,,,11,83
1299,,,,,,,,,,,,,,,,,,,,,,1,7,8,0,,,,,,,,,,,,,,,,,,,,,,,,,,,,11,68
1300,,,,,,,,,,,,,,,,,,,,,,4,4,8,1,,,,,,,,,,,,,,,,,,,,,,,,,,,,11,99
1301,,,,,,,,,,,,,,,,,,,,,,4,1,5,0,,,,,,,,,,,,,,,,,,,,,,,,,,,,11,80
1302,,,,,,,,,,,,,,,,,,,,,,0,5,5,0,,,,,,,,,,,,,,,,,,,,,,,,,,,,11,67
1303,,,,,,,,,,,,,,,,,,,,,,0,4,4,0,,,,,,,,,,,,,,,,,,,,,,,,,,,,11,88
1304,,,,,,,,,,,,,,,,,,,,,,2,2,4,0,,,,,,,,,,,,,,,,,,,,,,,,,,,,11,96
1305,,,,,,,,,,,,,,,,,,,,,,1,2,3,1,,,,,,,,,,,,,,,,,,,,,,,,,,,,11,76
1306,,,,,,,,,,,,,,,,,,,,,,2,1,3,0,,,,,,,,,,,,,,,,,,,,,,,,,,,,11,95
1307,,,,,,,,,,,,,,,,,,,,,,1,2,3,0,,,,,,,,,,,,,,,,,,,,,,,,,,,,11,64
1308,,,,,,,,,,,,,,,,,,,,,,0,2,2,0,,,,,,,,,,,,,,,,,,,,,,,,,,,,11,79
1309,,,,,,,,,,,,,,,,,,,,,,1,1,2,0,,,,,,,,,,,,,,,,,,,,,,,,,,,,11,63
1310,,,,,,,,,,,,,,,,,,,,,,0,2,2,0,,,,,,,,,,,,,,,,,,,,,,,,,,,,11,66
1311,,,,,,,,,,,,,,,,,,,,,,0,1,1,0,,,,,,,,,,,,,,,,,,,,,,,,,,,,11,60
1312,,,,,,,,,,,,,,,,,,,,,,0,1,1,1,,,,,,,,,,,,,,,,,,,,,,,,,,,,11,62
1313,,,,,,,,,,,,,,,,,,,,,,,,,,,,,,,,,,,1,16,16,0,,,,,,,,,,,,,,,11,7
1314,,,,,,,,,,,,,,,,,,,,,,,,,,,,,,,,,,,,,,,,,,,1,1,100,1,2,50,4,,,,11,111
1315,,,,,,,,,,,,,,,,,,,,,,,,,,,,,,,,,,,,,,,,,,,,,,,,,,4,204,51,11,106
1316,14,22,63.6,183,8.3,8.1,2,1,154.4,5,-13,-2.6,0,,,,,5,-13,-2.6,0,,,,,,,,,,,,,,,,,,,,,,,,,,,,,,,,12,3
1317,,,,,,,,,,10,20,2,1,1,5,5,0,11,25,2.3,1,,,,,,,,,,,,,,,,,,,,,,,,,,,,,,,,12,6
1318,,,,,,,,,,3,19,6.3,0,,,,,3,19,6.3,0,,,,,,,,,,,,,,2,34,17,0,,,,,,,,,,,,,,,12,7
1319,,,,,,,,,,2,31,15.5,0,,,,,2,31,15.5,0,1,0,1,0,,,,,,,,,,,,,,,,,,,,,,,,,,,,12,8
1320,,,,,,,,,,,,,,6,107,17.8,0,6,107,17.8,0,,,,,,,,,,,,,,,,,,,,,,,,,,,,,,,,12,20
1321,,,,,,,,,,,,,,3,16,5.3,1,3,16,5.3,1,,,,,,,,,,,,,,,,,,,,,,,,,,,,,,,,12,18
1322,,,,,,,,,,,,,,2,40,20,1,2,40,20,1,,,,,,,,,,,,,,,,,,,,,,,,,,,,,,,,12,32
1323,,,,,,,,,,,,,,1,15,15,0,1,15,15,0,,,,,,,,,,,,,,,,,,,,,,,,,,,,,,,,12,21
1324,,,,,,,,,,,,,,1,0,,0,1,0,,0,,,,,,,,,,,,,,,,,,,,,,,,,,,,,,,,12,9
1325,,,,,,,,,,,,,,,,,,,,,,7,5,12,0,,,,,,,,,,,,,,,,,,,,,,,,,,,,12,77
1326,,,,,,,,,,,,,,,,,,,,,,4,7,11,0,,,,,,,,,,,,,,,,,,,,,,,,,,,,12,88
1327,,,,,,,,,,,,,,,,,,,,,,4,3,7,0,,,,,1,,,,,,,,,,,,,,,,,,,,,,,12,91
1328,,,,,,,,,,,,,,,,,,,,,,4,2,6,0,,,,,,,,,,,,,,,,,,,,,,,,,,,,12,99
1329,,,,,,,,,,,,,,,,,,,,,,2,3,5,2,,,,,,,,,1,,,,,,,,,,,,,,,,,,,12,68
1330,,,,,,,,,,,,,,,,,,,,,,2,3,5,0,,,,,,,,,,,,,,,,,,,,,,,,,,,,12,60
1331,,,,,,,,,,,,,,,,,,,,,,3,2,5,0,,,,,,,,,,,,,,,,,,,,,,,,,,,,12,95
1332,,,,,,,,,,,,,,,,,,,,,,4,1,5,1,,,,,,,,,,,,,,,,,,,,,,,,,,,,12,96
1333,,,,,,,,,,,,,,,,,,,,,,2,3,5,0,,,,,,,,,,,,,,,,,,,,,,,,,,,,12,83
1334,,,,,,,,,,,,,,,,,,,,,,1,2,3,0,,,,,1,,,,,,,,,,,,,,,,,,,,,,,12,76
1335,,,,,,,,,,,,,,,,,,,,,,2,1,3,0,,,,,,,,,,,,,,,,,,,,,,,,,,,,12,90
1336,,,,,,,,,,,,,,,,,,,,,,2,1,3,0,,,,,,,,,,,,,,,,,,,,,,,,,,,,12,80
1337,,,,,,,,,,,,,,,,,,,,,,2,0,2,1,,,,,,,,,,,,,,,,,,,,,,,,,,,,12,62
1338,,,,,,,,,,,,,,,,,,,,,,1,1,2,0,,,,,,,,,,,,,,,,,,,,,,,,,,,,12,67
1339,,,,,,,,,,,,,,,,,,,,,,0,1,1,0,,,,,,,,,,,,,,,,,,,,,,,,,,,,12,92
1340,,,,,,,,,,,,,,,,,,,,,,1,0,1,0,,,,,,,,,,,,,,,,,,,,,,,,,,,,12,64
1341,,,,,,,,,,,,,,,,,,,,,,0,1,1,0,,,,,,,,,,,,,,,,,,,,,,,,,,,,12,66
1342,,,,,,,,,,,,,,,,,,,,,,,,,,,,,,,,,,,,,,,,,,,3,3,100,1,1,100,6,,,,12,111
1343,,,,,,,,,,,,,,,,,,,,,,,,,,,,,,,,,,,,,,,,,,,,,,,,,,4,200,50,12,106
1344,,,,,,,,,,,,,,,,,,,,,,,,,,,,,,,,,,,,,,,,,,,1,1,100,3,5,60,10,0,0,,111,1116
1345,,,,,,,,,,,,,,,,,,,,,,,,,,,,,,,,,,,,,,,,,,,0,0,,0,0,,0,6,211,35.2,111,1112
1346,,,,,,,,,,,,,,,,,,,,,,,,,,,,,,,,,,,,,,,,,,,5,5,100,2,2,100,11,0,0,,112,1116
1347,,,,,,,,,,,,,,,,,,,,,,,,,,,,,,,,,,,,,,,,,,,0,0,,0,0,,0,3,125,41.7,112,1112
1348,,,,,,,,,,,,,,,,,,,,,,,,,,,,,,,,,,,,,,,,,,,5,5,100,2,2,100,11,0,0,,113,1116
1349,,,,,,,,,,,,,,,,,,,,,,,,,,,,,,,,,,,,,,,,,,,0,0,,0,1,,0,2,100,50,113,1112
1350,,,,,,,,,,,,,,,,,,,,,,,,,,,,,,,,,,,,,,,,,,,8,8,100,1,1,100,11,0,0,,114,1116
1351,,,,,,,,,,,,,,,,,,,,,,,,,,,,,,,,,,,,,,,,,,,0,0,,0,0,,0,2,64,32,114,1112
1352,,,,,,,,,,,,,,,,,,,,,,,,,,,,,,,,,,,,,,,,,,,0,0,,1,1,100,3,2,85,42.5,115,1112
1353,,,,,,,,,,,,,,,,,,,,,,,,,,,,,,,,,,,,,,,,,,,9,9,100,0,1,,9,0,0,,115,1116
1354,,,,,,,,,,,,,,,,,,,,,,,,,,,,,,,,,,,,,,,,,,,3,3,100,2,2,100,9,0,0,,116,1116
1355,,,,,,,,,,,,,,,,,,,,,,,,,,,,,,,,,,,,,,,,,,,0,0,,0,1,,0,4,146,36.5,116,1112
1356,,,,,,,,,,,,,,,,,,,,,,,,,,,,,,,,,,,,,,,,,,,5,5,100,2,2,100,11,0,0,,117,1116
1357,,,,,,,,,,,,,,,,,,,,,,,,,,,,,,,,,,,,,,,,,,,0,0,,0,0,,0,3,131,43.7,117,1112
1358,,,,,,,,,,,,,,,,,,,,,,,,,,,,,,,,,,,,,,,,,,,6,6,100,1,1,100,9,0,0,,118,1116
1359,,,,,,,,,,,,,,,,,,,,,,,,,,,,,,,,,,,,,,,,,,,0,0,,0,0,,0,2,84,42,118,1112
1360,,,,,,,,,,,,,,,,,,,,,,,,,,,,,,,,,,,,,,,,,,,3,3,100,1,1,100,6,0,0,,119,1116
1361,,,,,,,,,,,,,,,,,,,,,,,,,,,,,,,,,,,,,,,,,,,0,0,,0,0,,0,8,413,51.6,119,1112
1362,,,,,,,,,,,,,,,,,,,,,,,,,,,,,,,,,,,,,,,,,,,4,4,100,1,2,50,7,0,0,,120,1116
1363,,,,,,,,,,,,,,,,,,,,,,,,,,,,,,,,,,,,,,,,,,,0,0,,0,0,,0,4,174,43.5,120,1112
1364,,,,,,,,,,,,,,,,,,,,,,,,,,,,,,,,,,,,,,,,,,,8,8,100,0,0,,8,2,105,52.5,121,1112
1365,,,,,,,,,,,,,,,,,,,,,,,,,,,,,,,,,,,,,,,,,,,2,2,100,0,0,,2,0,0,,122,1116
1366,,,,,,,,,,,,,,,,,,,,,,,,,,,,,,,,,,,,,,,,,,,0,0,,0,0,,0,4,184,46,122,1112
1367,,,,,,,,,,,,,,,,,,,,,,,,,,,,,,,,,,,,,,,,,,,3,3,100,1,2,50,6,0,0,,123,1116
1368,,,,,,,,,,,,,,,,,,,,,,,,,,,,,,,,,,,,,,,,,,,0,0,,0,0,,0,6,213,35.5,123,1112
1369,,,,,,,,,,,,,,,,,,,,,,,,,,,,,,,,,,,,,,,,,,,2,2,100,2,4,50,8,0,0,,124,1116
1370,,,,,,,,,,,,,,,,,,,,,,,,,,,,,,,,,,,,,,,,,,,0,0,,0,0,,0,6,285,47.5,124,1112
1371,,,,,,,,,,,,,,,,,,,,,,,,,,,,,,,,,,,,,,,,,,,7,7,100,0,0,,7,0,0,,182,1900
1372,,,,,,,,,,,,,,,,,,,,,,,,,,,,,,,,,,,,,,,,,,,0,0,,0,0,,0,2,76,38,182,1955
1373,,,,,,,,,,,,,,,,,,,,,,,,,,,,,,,,,,,,,,,,,,,1,1,100,0,2,,1,0,0,,183,1900
1374,,,,,,,,,,,,,,,,,,,,,,,,,,,,,,,,,,,,,,,,,,,0,0,,0,0,,0,6,247,41.2,183,1955
1375,,,,,,,,,,,,,,,,,,,,,,,,,,,,,,,,,,,,,,,,,,,5,5,100,0,0,,5,0,0,,184,1901
1376,,,,,,,,,,,,,,,,,,,,,,,,,,,,,,,,,,,,,,,,,,,0,0,,0,0,,0,7,307,43.9,184,1955
1377,,,,,,,,,,,,,,,,,,,,,,,,,,,,,,,,,,,,,,,,,,,6,6,100,0,0,,6,0,0,,186,1901
1378,,,,,,,,,,,,,,,,,,,,,,,,,,,,,,,,,,,,,,,,,,,0,0,,0,0,,0,1,29,29,186,1955
1379,,,,,,,,,,,,,,,,,,,,,,,,,,,,,,,,,,,,,,,,,,,1,1,100,1,1,100,4,0,0,,187,1901
1380,,,,,,,,,,,,,,,,,,,,,,,,,,,,,,,,,,,,,,,,,,,0,0,,0,0,,0,5,175,35,187,1955
1381,,,,,,,,,,,,,,,,,,,,,,,,,,,,,,,,,,,,,,,,,,,0,1,,1,1,100,3,0,0,,188,1901
1382,,,,,,,,,,,,,,,,,,,,,,,,,,,,,,,,,,,,,,,,,,,0,0,,0,0,,0,8,307,38.4,188,1955
1383,,,,,,,,,,,,,,,,,,,,,,,,,,,,,,,,,,,,,,,,,,,2,2,100,2,2,100,8,0,0,,189,1901
1384,,,,,,,,,,,,,,,,,,,,,,,,,,,,,,,,,,,,,,,,,,,0,0,,0,0,,0,6,270,45,189,1955
1385,,,,,,,,,,,,,,,,,,,,,,,,,,,,,,,,,,,,,,,,,,,5,5,100,1,2,50,8,0,0,,190,1901
1386,,,,,,,,,,,,,,,,,,,,,,,,,,,,,,,,,,,,,,,,,,,0,0,,0,0,,0,3,113,37.7,190,1955
1387,,,,,,,,,,,,,,,,,,,,,,,,,,,,,,,,,,,,,,,,,,,4,4,100,1,1,100,7,0,0,,191,1901
1388,,,,,,,,,,,,,,,,,,,,,,,,,,,,,,,,,,,,,,,,,,,0,0,,0,0,,0,3,97,32.3,191,1955
1389,,,,,,,,,,,,,,,,,,,,,,,,,,,,,,,,,,,,,,,,,,,1,1,100,1,1,100,4,0,0,,192,1901
1390,,,,,,,,,,,,,,,,,,,,,,,,,,,,,,,,,,,,,,,,,,,0,0,,0,0,,0,7,244,34.9,192,1955
1391,,,,,,,,,,,,,,,,,,,,,,,,,,,,,,,,,,,,,,,,,,,3,3,100,0,0,,3,0,0,,193,1901
1392,,,,,,,,,,,,,,,,,,,,,,,,,,,,,,,,,,,,,,,,,,,0,0,,0,0,,0,6,219,36.5,193,1955
1393,,,,,,,,,,,,,,,,,,,,,,,,,,,,,,,,,,,,,,,,,,,5,5,100,2,4,50,11,0,0,,126,1173
1394,,,,,,,,,,,,,,,,,,,,,,,,,,,,,,,,,,,,,,,,,,,0,0,,0,0,,0,1,42,42,126,1174
1395,,,,,,,,,,,,,,,,,,,,,,,,,,,,,,,,,,,,,,,,,,,0,0,,2,2,100,6,0,0,,127,1173
1396,,,,,,,,,,,,,,,,,,,,,,,,,,,,,,,,,,,,,,,,,,,0,0,,0,0,,0,8,324,40.5,127,1174
1397,,,,,,,,,,,,,,,,,,,,,,,,,,,,,,,,,,,,,,,,,,,3,3,100,1,2,50,6,0,0,,128,1173
1398,,,,,,,,,,,,,,,,,,,,,,,,,,,,,,,,,,,,,,,,,,,0,0,,0,0,,0,2,73,36.5,128,1174
1399,,,,,,,,,,,,,,,,,,,,,,,,,,,,,,,,,,,,,,,,,,,6,6,100,3,3,100,15,0,0,,129,1173
1400,,,,,,,,,,,,,,,,,,,,,,,,,,,,,,,,,,,,,,,,,,,0,0,,0,0,,0,3,118,39.3,129,1174
1401,,,,,,,,,,,,,,,,,,,,,,,,,,,,,,,,,,,,,,,,,,,7,7,100,0,1,,7,0,0,,130,1173
1402,,,,,,,,,,,,,,,,,,,,,,,,,,,,,,,,,,,,,,,,,,,0,0,,0,0,,0,3,109,36.3,130,1227
1403,,,,,,,,,,,,,,,,,,,,,,,,,,,,,,,,,,,,,,,,,,,5,5,100,3,3,100,14,0,0,,131,1173
1404,,,,,,,,,,,,,,,,,,,,,,,,,,,,,,,,,,,,,,,,,,,0,0,,0,0,,0,3,123,41,131,1227
1405,,,,,,,,,,,,,,,,,,,,,,,,,,,,,,,,,,,,,,,,,,,2,2,100,3,3,100,11,0,0,,132,1173
1406,,,,,,,,,,,,,,,,,,,,,,,,,,,,,,,,,,,,,,,,,,,0,0,,0,0,,0,6,240,40,132,1227
1407,,,,,,,,,,,,,,,,,,,,,,,,,,,,,,,,,,,,,,,,,,,7,7,100,1,1,100,10,0,0,,134,1173
1408,,,,,,,,,,,,,,,,,,,,,,,,,,,,,,,,,,,,,,,,,,,0,0,,0,0,,0,2,73,36.5,134,1227
1409,,,,,,,,,,,,,,,,,,,,,,,,,,,,,,,,,,,,,,,,,,,6,6,100,0,2,,6,0,0,,135,1173
1410,,,,,,,,,,,,,,,,,,,,,,,,,,,,,,,,,,,,,,,,,,,0,0,,0,0,,0,5,237,47.4,135,1227
1411,,,,,,,,,,,,,,,,,,,,,,,,,,,,,,,,,,,,,,,,,,,4,4,100,4,4,100,16,0,0,,136,1173
1412,,,,,,,,,,,,,,,,,,,,,,,,,,,,,,,,,,,,,,,,,,,0,0,,0,0,,0,4,158,39.5,136,1227
1413,,,,,,,,,,,,,,,,,,,,,,,,,,,,,,,,,,,,,,,,,,,6,6,100,0,0,,6,0,0,,137,1173
1414,,,,,,,,,,,,,,,,,,,,,,,,,,,,,,,,,,,,,,,,,,,0,0,,0,0,,0,4,134,33.5,137,1227
1415,,,,,,,,,,,,,,,,,,,,,,,,,,,,,,,,,,,,,,,,,,,2,2,100,2,2,100,8,0,0,,138,1173
1416,,,,,,,,,,,,,,,,,,,,,,,,,,,,,,,,,,,,,,,,,,,0,0,,0,0,,0,5,179,35.8,138,1227
1417,,,,,,,,,,,,,,,,,,,,,,,,,,,,,,,,,,,,,,,,,,,1,1,100,0,1,,1,0,0,,139,1173
1418,,,,,,,,,,,,,,,,,,,,,,,,,,,,,,,,,,,,,,,,,,,0,0,,0,0,,0,6,244,40.7,139,1227
1419,,,,,,,,,,,,,,,,,,,,,,,,,,,,,,,,,,,,,,,,,,,3,3,100,2,3,66,9,0,0,,140,1173
1420,,,,,,,,,,,,,,,,,,,,,,,,,,,,,,,,,,,,,,,,,,,0,0,,0,0,,0,5,196,39.2,140,1227
1421,,,,,,,,,,,,,,,,,,,,,,,,,,,,,,,,,,,,,,,,,,,2,2,100,1,2,50,5,0,0,,13,541
1422,,,,,,,,,,,,,,,,,,,,,,,,,,,,,,,,,,,,,,,,,,,0,0,,0,0,,0,6,328,54.7,13,591
1423,,,,,,,,,,,,,,,,,,,,,,,,,,,,,,,,,,,,,,,,,,,2,2,100,1,2,50,5,0,0,,14,541
1424,,,,,,,,,,,,,,,,,,,,,,,,,,,,,,,,,,,,,,,,,,,0,0,,0,0,,0,6,328,54.7,14,591
1425,,,,,,,,,,,,,,,,,,,,,,,,,,,,,,,,,,,,,,,,,,,4,4,100,0,0,,4,0,0,,15,541
1426,,,,,,,,,,,,,,,,,,,,,,,,,,,,,,,,,,,,,,,,,,,0,0,,0,0,,0,5,261,52.2,15,591
1427,,,,,,,,,,,,,,,,,,,,,,,,,,,,,,,,,,,,,,,,,,,4,4,100,0,0,,4,0,0,,16,541
1428,,,,,,,,,,,,,,,,,,,,,,,,,,,,,,,,,,,,,,,,,,,0,0,,0,0,,0,5,261,52.2,16,591
1429,,,,,,,,,,,,,,,,,,,,,,,,,,,,,,,,,,,,,,,,,,,1,2,50,1,1,100,4,0,0,,17,541
1430,,,,,,,,,,,,,,,,,,,,,,,,,,,,,,,,,,,,,,,,,,,0,0,,0,0,,0,5,246,49.2,17,591
1431,,,,,,,,,,,,,,,,,,,,,,,,,,,,,,,,,,,,,,,,,,,2,2,100,1,1,100,5,0,0,,18,541
1432,,,,,,,,,,,,,,,,,,,,,,,,,,,,,,,,,,,,,,,,,,,0,0,,0,0,,0,8,380,47.5,18,591
1433,,,,,,,,,,,,,,,,,,,,,,,,,,,,,,,,,,,,,,,,,,,2,2,100,1,1,100,5,0,0,,19,541
1434,,,,,,,,,,,,,,,,,,,,,,,,,,,,,,,,,,,,,,,,,,,0,0,,0,0,,0,8,380,47.5,19,591
1435,,,,,,,,,,,,,,,,,,,,,,,,,,,,,,,,,,,,,,,,,,,1,1,100,3,3,100,10,0,0,,20,541
1436,,,,,,,,,,,,,,,,,,,,,,,,,,,,,,,,,,,,,,,,,,,0,0,,0,0,,0,5,242,48.4,20,591
1437,,,,,,,,,,,,,,,,,,,,,,,,,,,,,,,,,,,,,,,,,,,2,2,100,2,2,100,8,0,0,,21,541
1438,,,,,,,,,,,,,,,,,,,,,,,,,,,,,,,,,,,,,,,,,,,0,0,,0,0,,0,8,346,43.3,21,591
1439,,,,,,,,,,,,,,,,,,,,,,,,,,,,,,,,,,,,,,,,,,,3,3,100,5,5,100,18,0,0,,22,541
1440,,,,,,,,,,,,,,,,,,,,,,,,,,,,,,,,,,,,,,,,,,,0,0,,0,0,,0,4,161,40.3,22,591
1441,,,,,,,,,,,,,,,,,,,,,,,,,,,,,,,,,,,,,,,,,,,1,2,50,1,1,100,4,0,0,,23,541
1442,,,,,,,,,,,,,,,,,,,,,,,,,,,,,,,,,,,,,,,,,,,0,0,,0,0,,0,6,263,43.8,23,591
1443,,,,,,,,,,,,,,,,,,,,,,,,,,,,,,,,,,,,,,,,,,,4,4,100,1,1,100,7,0,0,,25,223
1444,,,,,,,,,,,,,,,,,,,,,,,,,,,,,,,,,,,,,,,,,,,0,0,,0,0,,0,5,219,43.8,25,215
1445,,,,,,,,,,,,,,,,,,,,,,,,,,,,,,,,,,,,,,,,,,,2,2,100,2,3,66,8,0,0,,26,223
1446,,,,,,,,,,,,,,,,,,,,,,,,,,,,,,,,,,,,,,,,,,,0,0,,0,0,,0,8,352,44,26,215
1447,,,,,,,,,,,,,,,,,,,,,,,,,,,,,,,,,,,,,,,,,,,5,5,100,0,0,,5,0,0,,28,223
1448,,,,,,,,,,,,,,,,,,,,,,,,,,,,,,,,,,,,,,,,,,,1,1,100,0,0,,1,0,0,,28,228
1449,,,,,,,,,,,,,,,,,,,,,,,,,,,,,,,,,,,,,,,,,,,0,0,,0,0,,0,2,93,46.5,28,215
1450,,,,,,,,,,,,,,,,,,,,,,,,,,,,,,,,,,,,,,,,,,,4,4,100,1,1,100,7,0,0,,29,223
1451,,,,,,,,,,,,,,,,,,,,,,,,,,,,,,,,,,,,,,,,,,,0,0,,0,0,,0,4,182,45.5,29,215
1452,,,,,,,,,,,,,,,,,,,,,,,,,,,,,,,,,,,,,,,,,,,5,5,100,1,1,100,8,0,0,,30,223
1453,,,,,,,,,,,,,,,,,,,,,,,,,,,,,,,,,,,,,,,,,,,0,0,,1,1,100,3,0,0,,30,228
1454,,,,,,,,,,,,,,,,,,,,,,,,,,,,,,,,,,,,,,,,,,,0,0,,0,0,,0,5,176,35.2,30,215
1455,,,,,,,,,,,,,,,,,,,,,,,,,,,,,,,,,,,,,,,,,,,6,6,100,1,1,100,9,0,0,,31,223
1456,,,,,,,,,,,,,,,,,,,,,,,,,,,,,,,,,,,,,,,,,,,0,0,,0,0,,0,1,59,59,31,215
1457,,,,,,,,,,,,,,,,,,,,,,,,,,,,,,,,,,,,,,,,,,,5,5,100,4,4,100,17,0,0,,32,223
1458,,,,,,,,,,,,,,,,,,,,,,,,,,,,,,,,,,,,,,,,,,,0,0,,0,0,,0,1,55,55,32,215
1459,,,,,,,,,,,,,,,,,,,,,,,,,,,,,,,,,,,,,,,,,,,6,6,100,0,0,,6,0,0,,33,223
1460,,,,,,,,,,,,,,,,,,,,,,,,,,,,,,,,,,,,,,,,,,,0,0,,0,0,,0,4,186,46.5,33,215
1461,,,,,,,,,,,,,,,,,,,,,,,,,,,,,,,,,,,,,,,,,,,3,3,100,1,1,100,6,0,0,,34,223
1462,,,,,,,,,,,,,,,,,,,,,,,,,,,,,,,,,,,,,,,,,,,0,0,,0,0,,0,3,140,46.7,34,215
1463,,,,,,,,,,,,,,,,,,,,,,,,,,,,,,,,,,,,,,,,,,,2,2,100,1,2,50,5,0,0,,35,223
1464,,,,,,,,,,,,,,,,,,,,,,,,,,,,,,,,,,,,,,,,,,,0,0,,0,0,,0,8,357,44.6,35,215
1465,,,,,,,,,,,,,,,,,,,,,,,,,,,,,,,,,,,,,,,,,,,6,6,100,0,0,,6,0,0,,36,223
1466,,,,,,,,,,,,,,,,,,,,,,,,,,,,,,,,,,,,,,,,,,,0,0,,0,0,,0,2,96,48,36,215
1469,,,,,,,,,,,,,,,,,,,,,,,,,,,,,,,,,,,,,,,,,,,2,2,100,2,2,100,8,0,0,,38,223
1470,,,,,,,,,,,,,,,,,,,,,,,,,,,,,,,,,,,,,,,,,,,0,0,,0,0,,0,4,176,44,38,215
1471,,,,,,,,,,,,,,,,,,,,,,,,,,,,,,,,,,,,,,,,,,,6,6,100,2,3,66,12,0,0,,39,223
1472,,,,,,,,,,,,,,,,,,,,,,,,,,,,,,,,,,,,,,,,,,,0,0,,0,0,,0,6,288,48,39,215
1473,,,,,,,,,,,,,,,,,,,,,,,,,,,,,,,,,,,,,,,,,,,2,2,100,3,3,100,11,0,0,,40,223
1474,,,,,,,,,,,,,,,,,,,,,,,,,,,,,,,,,,,,,,,,,,,0,0,,0,0,,0,6,276,46,40,215
1475,,,,,,,,,,,,,,,,,,,,,,,,,,,,,,,,,,,,,,,,,,,0,0,,0,0,,0,1,19,19,40,115
1476,,,,,,,,,,,,,,,,,,,,,,,,,,,,,,,,,,,,,,,,,,,3,3,100,1,1,100,6,0,0,,54,775
1477,,,,,,,,,,,,,,,,,,,,,,,,,,,,,,,,,,,,,,,,,,,0,0,,0,0,,0,9,378,42,54,809
1478,,,,,,,,,,,,,,,,,,,,,,,,,,,,,,,,,,,,,,,,,,,3,3,100,2,3,66,9,0,0,,55,775
1479,,,,,,,,,,,,,,,,,,,,,,,,,,,,,,,,,,,,,,,,,,,0,0,,0,0,,0,4,155,38.8,55,809
1480,,,,,,,,,,,,,,,,,,,,,,,,,,,,,,,,,,,,,,,,,,,2,2,100,3,3,100,11,0,0,,56,775
1481,,,,,,,,,,,,,,,,,,,,,,,,,,,,,,,,,,,,,,,,,,,0,0,,0,0,,0,4,178,44.5,56,809
1482,,,,,,,,,,,,,,,,,,,,,,,,,,,,,,,,,,,,,,,,,,,3,3,100,2,4,50,9,0,0,,57,775
1483,,,,,,,,,,,,,,,,,,,,,,,,,,,,,,,,,,,,,,,,,,,0,0,,0,0,,0,5,203,40.6,57,809
1484,,,,,,,,,,,,,,,,,,,,,,,,,,,,,,,,,,,,,,,,,,,3,3,100,1,3,33,6,0,0,,58,775
1485,,,,,,,,,,,,,,,,,,,,,,,,,,,,,,,,,,,,,,,,,,,0,0,,0,0,,0,8,378,47.3,58,809
1486,,,,,,,,,,,,,,,,,,,,,,,,,,,,,,,,,,,,,,,,,,,4,4,100,4,4,100,16,0,0,,59,775
1487,,,,,,,,,,,,,,,,,,,,,,,,,,,,,,,,,,,,,,,,,,,0,0,,0,0,,0,3,110,36.7,59,809
1488,,,,,,,,,,,,,,,,,,,,,,,,,,,,,,,,,,,,,,,,,,,1,1,100,0,0,,1,0,0,,60,775
1489,,,,,,,,,,,,,,,,,,,,,,,,,,,,,,,,,,,,,,,,,,,0,0,,0,0,,0,7,316,45.1,60,809
1490,,,,,,,,,,,,,,,,,,,,,,,,,,,,,,,,,,,,,,,,,,,3,3,100,0,0,,3,0,0,,61,775
1491,,,,,,,,,,,,,,,,,,,,,,,,,,,,,,,,,,,,,,,,,,,0,0,,0,0,,0,4,166,41.5,61,809
1492,,,,,,,,,,,,,,,,,,,,,,,,,,,,,,,,,,,,,,,,,,,4,4,100,2,2,100,10,0,0,,62,775
1493,,,,,,,,,,,,,,,,,,,,,,,,,,,,,,,,,,,,,,,,,,,0,0,,0,0,,0,4,168,42,62,809
1494,,,,,,,,,,,,,,,,,,,,,,,,,,,,,,,,,,,,,,,,,,,5,5,100,3,3,100,14,0,0,,63,775
1495,,,,,,,,,,,,,,,,,,,,,,,,,,,,,,,,,,,,,,,,,,,0,0,,0,0,,0,3,116,38.7,63,774
1496,,,,,,,,,,,,,,,,,,,,,,,,,,,,,,,,,,,,,,,,,,,1,1,100,2,2,100,7,0,0,,64,775
1497,,,,,,,,,,,,,,,,,,,,,,,,,,,,,,,,,,,,,,,,,,,0,0,,0,0,,0,5,211,42.2,64,809
1498,,,,,,,,,,,,,,,,,,,,,,,,,,,,,,,,,,,,,,,,,,,2,2,100,1,2,50,5,0,0,,65,775
1499,,,,,,,,,,,,,,,,,,,,,,,,,,,,,,,,,,,,,,,,,,,0,0,,0,0,,0,4,169,42.3,65,809
1500,,,,,,,,,,,,,,,,,,,,,,,,,,,,,,,,,,,,,,,,,,,2,2,100,1,1,100,5,0,0,,66,775
1501,,,,,,,,,,,,,,,,,,,,,,,,,,,,,,,,,,,,,,,,,,,0,0,,0,0,,0,7,275,39.3,66,809
1502,,,,,,,,,,,,,,,,,,,,,,,,,,,,,,,,,,,,,,,,,,,3,3,100,2,3,66,9,0,0,,96,1590
1503,,,,,,,,,,,,,,,,,,,,,,,,,,,,,,,,,,,,,,,,,,,0,0,,0,0,,0,1,42,42,96,1575
1504,,,,,,,,,,,,,,,,,,,,,,,,,,,,,,,,,,,,,,,,,,,4,4,100,1,2,50,7,0,0,,97,1583
1505,,,,,,,,,,,,,,,,,,,,,,,,,,,,,,,,,,,,,,,,,,,2,2,100,0,1,,2,0,0,,97,1590
1506,,,,,,,,,,,,,,,,,,,,,,,,,,,,,,,,,,,,,,,,,,,0,0,,0,0,,0,2,72,36,97,1575
1507,,,,,,,,,,,,,,,,,,,,,,,,,,,,,,,,,,,,,,,,,,,0,0,,0,0,,0,1,42,42,97,1576
1508,,,,,,,,,,,,,,,,,,,,,,,,,,,,,,,,,,,,,,,,,,,1,1,100,0,0,,1,0,0,,98,1590
1509,,,,,,,,,,,,,,,,,,,,,,,,,,,,,,,,,,,,,,,,,,,0,0,,0,0,,0,7,286,40.9,98,1575
1510,,,,,,,,,,,,,,,,,,,,,,,,,,,,,,,,,,,,,,,,,,,5,5,100,0,0,,5,0,0,,99,1590
1511,,,,,,,,,,,,,,,,,,,,,,,,,,,,,,,,,,,,,,,,,,,0,0,,0,0,,0,3,104,34.7,99,1575
1512,,,,,,,,,,,,,,,,,,,,,,,,,,,,,,,,,,,,,,,,,,,0,0,,0,0,,0,2,89,44.5,99,1576
1513,,,,,,,,,,,,,,,,,,,,,,,,,,,,,,,,,,,,,,,,,,,3,3,100,0,1,,3,0,0,,100,1590
1514,,,,,,,,,,,,,,,,,,,,,,,,,,,,,,,,,,,,,,,,,,,0,0,,0,0,,0,2,80,40,100,1576
1515,,,,,,,,,,,,,,,,,,,,,,,,,,,,,,,,,,,,,,,,,,,0,0,,0,0,,0,1,31,31,100,1575
1516,,,,,,,,,,,,,,,,,,,,,,,,,,,,,,,,,,,,,,,,,,,2,2,100,1,1,100,5,0,0,,101,1583
1517,,,,,,,,,,,,,,,,,,,,,,,,,,,,,,,,,,,,,,,,,,,0,0,,0,0,,0,4,171,42.8,101,1576
1518,,,,,,,,,,,,,,,,,,,,,,,,,,,,,,,,,,,,,,,,,,,0,0,,0,0,,0,2,65,32.5,101,1575
1519,,,,,,,,,,,,,,,,,,,,,,,,,,,,,,,,,,,,,,,,,,,3,3,100,2,2,100,9,0,0,,102,1583
1520,,,,,,,,,,,,,,,,,,,,,,,,,,,,,,,,,,,,,,,,,,,0,0,,0,0,,0,5,215,43,102,1576
1521,,,,,,,,,,,,,,,,,,,,,,,,,,,,,,,,,,,,,,,,,,,0,0,,0,0,,0,2,63,31.5,102,1575
1522,,,,,,,,,,,,,,,,,,,,,,,,,,,,,,,,,,,,,,,,,,,4,4,100,4,4,100,16,0,0,,103,1583
1523,,,,,,,,,,,,,,,,,,,,,,,,,,,,,,,,,,,,,,,,,,,0,0,,0,0,,0,3,115,38.3,103,1576
1524,,,,,,,,,,,,,,,,,,,,,,,,,,,,,,,,,,,,,,,,,,,1,1,100,1,1,100,4,0,0,,104,1583
1525,,,,,,,,,,,,,,,,,,,,,,,,,,,,,,,,,,,,,,,,,,,0,0,,0,0,,0,7,301,43,104,1576
1526,,,,,,,,,,,,,,,,,,,,,,,,,,,,,,,,,,,,,,,,,,,0,0,,0,0,,0,1,30,30,104,1575
1527,,,,,,,,,,,,,,,,,,,,,,,,,,,,,,,,,,,,,,,,,,,1,3,33,0,1,,1,0,0,,105,1583
1528,,,,,,,,,,,,,,,,,,,,,,,,,,,,,,,,,,,,,,,,,,,2,2,100,0,0,,2,0,0,,105,1590
1529,,,,,,,,,,,,,,,,,,,,,,,,,,,,,,,,,,,,,,,,,,,0,0,,0,0,,0,3,130,43.3,105,1576
1530,,,,,,,,,,,,,,,,,,,,,,,,,,,,,,,,,,,,,,,,,,,0,0,,0,0,,0,1,28,28,105,1575
1531,,,,,,,,,,,,,,,,,,,,,,,,,,,,,,,,,,,,,,,,,,,3,4,75,1,3,33,6,0,0,,107,1583
1532,,,,,,,,,,,,,,,,,,,,,,,,,,,,,,,,,,,,,,,,,,,0,0,,0,0,,0,5,246,49.2,107,1576
1533,,,,,,,,,,,,,,,,,,,,,,,,,,,,,,,,,,,,,,,,,,,2,2,100,2,4,50,8,0,0,,108,1590
1534,,,,,,,,,,,,,,,,,,,,,,,,,,,,,,,,,,,,,,,,,,,2,2,100,1,1,100,5,0,0,,108,1583
1535,,,,,,,,,,,,,,,,,,,,,,,,,,,,,,,,,,,,,,,,,,,0,0,,0,0,,0,1,41,41,108,1576
1536,,,,,,,,,,,,,,,,,,,,,,,,,,,,,,,,,,,,,,,,,,,0,0,,0,0,,0,1,38,38,108,1575
1537,,,,,,,,,,,,,,,,,,,,,,,,,,,,,,,,,,,,,,,,,,,2,2,100,1,2,50,5,0,0,,109,1590
1538,,,,,,,,,,,,,,,,,,,,,,,,,,,,,,,,,,,,,,,,,,,0,0,,0,1,,0,0,0,,109,1583
1539,,,,,,,,,,,,,,,,,,,,,,,,,,,,,,,,,,,,,,,,,,,0,0,,0,0,,0,3,118,39.3,109,1576
1540,,,,,,,,,,,,,,,,,,,,,,,,,,,,,,,,,,,,,,,,,,,0,0,,0,0,,0,2,68,34,109,1575
1541,,,,,,,,,,,,,,,,,,,,,,,,,,,,,,,,,,,,,,,,,,,5,5,100,1,3,33,8,0,0,,168,1773
1542,,,,,,,,,,,,,,,,,,,,,,,,,,,,,,,,,,,,,,,,,,,1,1,100,0,0,,1,0,0,,168,1772
1543,,,,,,,,,,,,,,,,,,,,,,,,,,,,,,,,,,,,,,,,,,,0,0,,0,0,,0,4,177,44.3,168,1816
1544,,,,,,,,,,,,,,,,,,,,,,,,,,,,,,,,,,,,,,,,,,,0,0,,0,0,,0,1,28,28,168,1814
1545,,,,,,,,,,,,,,,,,,,,,,,,,,,,,,,,,,,,,,,,,,,3,5,60,1,1,100,6,0,0,,169,1773
1546,,,,,,,,,,,,,,,,,,,,,,,,,,,,,,,,,,,,,,,,,,,3,3,100,0,0,,3,0,0,,169,1772
1547,,,,,,,,,,,,,,,,,,,,,,,,,,,,,,,,,,,,,,,,,,,0,0,,0,0,,0,3,143,47.7,169,1816
1548,,,,,,,,,,,,,,,,,,,,,,,,,,,,,,,,,,,,,,,,,,,4,4,100,3,3,100,13,0,0,,170,1772
1549,,,,,,,,,,,,,,,,,,,,,,,,,,,,,,,,,,,,,,,,,,,0,0,,0,0,,0,3,138,46,170,1816
1550,,,,,,,,,,,,,,,,,,,,,,,,,,,,,,,,,,,,,,,,,,,0,0,,1,1,100,3,0,0,,171,1772
1551,,,,,,,,,,,,,,,,,,,,,,,,,,,,,,,,,,,,,,,,,,,0,0,,0,0,,0,7,315,45,171,1816
1552,,,,,,,,,,,,,,,,,,,,,,,,,,,,,,,,,,,,,,,,,,,1,1,100,1,1,100,4,0,0,,172,1772
1553,,,,,,,,,,,,,,,,,,,,,,,,,,,,,,,,,,,,,,,,,,,0,0,,0,0,,0,5,223,44.6,172,1816
1554,,,,,,,,,,,,,,,,,,,,,,,,,,,,,,,,,,,,,,,,,,,5,5,100,0,0,,5,0,0,,173,1772
1555,,,,,,,,,,,,,,,,,,,,,,,,,,,,,,,,,,,,,,,,,,,0,0,,0,0,,0,3,159,53,173,1816
1556,,,,,,,,,,,,,,,,,,,,,,,,,,,,,,,,,,,,,,,,,,,6,6,100,1,1,100,9,0,0,,174,1772
1557,,,,,,,,,,,,,,,,,,,,,,,,,,,,,,,,,,,,,,,,,,,0,0,,0,0,,0,2,75,37.5,174,1816
1558,,,,,,,,,,,,,,,,,,,,,,,,,,,,,,,,,,,,,,,,,,,5,5,100,0,0,,5,0,0,,176,1772
1559,,,,,,,,,,,,,,,,,,,,,,,,,,,,,,,,,,,,,,,,,,,0,0,,0,0,,0,5,167,33.4,176,1816
1560,,,,,,,,,,,,,,,,,,,,,,,,,,,,,,,,,,,,,,,,,,,0,0,,0,0,,0,1,14,14,176,1734
1561,,,,,,,,,,,,,,,,,,,,,,,,,,,,,,,,,,,,,,,,,,,4,4,100,2,2,100,10,0,0,,177,1772
1562,,,,,,,,,,,,,,,,,,,,,,,,,,,,,,,,,,,,,,,,,,,0,0,,0,0,,0,2,87,43.5,177,1816
1563,,,,,,,,,,,,,,,,,,,,,,,,,,,,,,,,,,,,,,,,,,,3,3,100,1,1,100,6,0,0,,178,1772
1564,,,,,,,,,,,,,,,,,,,,,,,,,,,,,,,,,,,,,,,,,,,0,0,,0,0,,0,5,233,46.6,178,1816
1565,,,,,,,,,,,,,,,,,,,,,,,,,,,,,,,,,,,,,,,,,,,4,4,100,0,1,,4,0,0,,179,1772
1566,,,,,,,,,,,,,,,,,,,,,,,,,,,,,,,,,,,,,,,,,,,0,0,,0,0,,0,5,190,38,179,1816
1567,,,,,,,,,,,,,,,,,,,,,,,,,,,,,,,,,,,,,,,,,,,2,2,100,2,2,100,8,0,0,,180,1772
1568,,,,,,,,,,,,,,,,,,,,,,,,,,,,,,,,,,,,,,,,,,,0,0,,0,0,,0,4,149,37.3,180,1816
1569,,,,,,,,,,,,,,,,,,,,,,,,,,,,,,,,,,,,,,,,,,,4,4,100,1,2,50,7,0,0,,181,1772
1570,,,,,,,,,,,,,,,,,,,,,,,,,,,,,,,,,,,,,,,,,,,0,0,,0,0,,0,4,164,41,181,1816
1571,,,,,,,,,,,,,,,,,,,,,,,,,,,,,,,,,,,,,,,,,,,9,10,90,1,1,100,12,0,0,,81,422
1572,,,,,,,,,,,,,,,,,,,,,,,,,,,,,,,,,,,,,,,,,,,0,0,,0,0,,0,2,100,50,81,473
1573,,,,,,,,,,,,,,,,,,,,,,,,,,,,,,,,,,,,,,,,,,,1,1,100,2,3,66,7,0,0,,82,422
1574,,,,,,,,,,,,,,,,,,,,,,,,,,,,,,,,,,,,,,,,,,,0,0,,0,0,,0,4,215,53.8,82,473
1575,,,,,,,,,,,,,,,,,,,,,,,,,,,,,,,,,,,,,,,,,,,0,0,,1,1,100,3,0,0,,83,422
1576,,,,,,,,,,,,,,,,,,,,,,,,,,,,,,,,,,,,,,,,,,,0,0,,0,0,,0,9,434,48.2,83,473
1577,,,,,,,,,,,,,,,,,,,,,,,,,,,,,,,,,,,,,,,,,,,2,2,100,0,0,,2,0,0,,84,422
1578,,,,,,,,,,,,,,,,,,,,,,,,,,,,,,,,,,,,,,,,,,,0,0,,0,0,,0,6,231,38.5,84,473
1579,,,,,,,,,,,,,,,,,,,,,,,,,,,,,,,,,,,,,,,,,,,4,4,100,2,3,66,10,0,0,,85,422
1580,,,,,,,,,,,,,,,,,,,,,,,,,,,,,,,,,,,,,,,,,,,0,0,,0,0,,0,2,102,51,85,473
1581,,,,,,,,,,,,,,,,,,,,,,,,,,,,,,,,,,,,,,,,,,,4,4,100,0,0,,4,0,0,,87,422
1582,,,,,,,,,,,,,,,,,,,,,,,,,,,,,,,,,,,,,,,,,,,0,0,,0,0,,0,6,261,43.5,87,473
1583,,,,,,,,,,,,,,,,,,,,,,,,,,,,,,,,,,,,,,,,,,,8,9,88,2,2,100,14,0,0,,88,421
1584,,,,,,,,,,,,,,,,,,,,,,,,,,,,,,,,,,,,,,,,,,,0,0,,0,0,,0,2,86,43,88,473
1585,,,,,,,,,,,,,,,,,,,,,,,,,,,,,,,,,,,,,,,,,,,7,7,100,1,1,100,10,0,0,,89,422
1586,,,,,,,,,,,,,,,,,,,,,,,,,,,,,,,,,,,,,,,,,,,0,0,,0,0,,0,3,131,43.7,89,473
1587,,,,,,,,,,,,,,,,,,,,,,,,,,,,,,,,,,,,,,,,,,,6,6,100,1,1,100,9,0,0,,90,422
1588,,,,,,,,,,,,,,,,,,,,,,,,,,,,,,,,,,,,,,,,,,,0,0,,0,0,,0,3,127,42.3,90,473
1589,,,,,,,,,,,,,,,,,,,,,,,,,,,,,,,,,,,,,,,,,,,5,6,83,3,3,100,14,0,0,,91,422
1590,,,,,,,,,,,,,,,,,,,,,,,,,,,,,,,,,,,,,,,,,,,0,0,,0,0,,0,4,198,49.5,91,473
1591,,,,,,,,,,,,,,,,,,,,,,,,,,,,,,,,,,,,,,,,,,,6,6,100,1,1,100,9,0,0,,92,422
1592,,,,,,,,,,,,,,,,,,,,,,,,,,,,,,,,,,,,,,,,,,,0,0,,0,0,,0,5,186,37.2,92,473
1593,,,,,,,,,,,,,,,,,,,,,,,,,,,,,,,,,,,,,,,,,,,1,1,100,1,1,100,4,0,0,,94,422
1594,,,,,,,,,,,,,,,,,,,,,,,,,,,,,,,,,,,,,,,,,,,0,0,,0,0,,0,8,344,43,94,473
1595,,,,,,,,,,,,,,,,,,,,,,,,,,,,,,,,,,,,,,,,,,,5,6,83,2,3,66,11,0,0,,142,1670
1596,,,,,,,,,,,,,,,,,,,,,,,,,,,,,,,,,,,,,,,,,,,0,0,,0,0,,0,1,47,47,142,1711
1597,,,,,,,,,,,,,,,,,,,,,,,,,,,,,,,,,,,,,,,,,,,6,6,100,1,2,50,9,0,0,,143,1670
1598,,,,,,,,,,,,,,,,,,,,,,,,,,,,,,,,,,,,,,,,,,,0,0,,0,0,,0,1,54,54,143,1710
1599,,,,,,,,,,,,,,,,,,,,,,,,,,,,,,,,,,,,,,,,,,,0,0,,0,0,,0,1,44,44,143,1711
1600,,,,,,,,,,,,,,,,,,,,,,,,,,,,,,,,,,,,,,,,,,,1,2,50,1,1,100,4,0,0,,144,1670
1601,,,,,,,,,,,,,,,,,,,,,,,,,,,,,,,,,,,,,,,,,,,0,0,,0,1,,0,0,0,,144,1669
1602,,,,,,,,,,,,,,,,,,,,,,,,,,,,,,,,,,,,,,,,,,,0,0,,0,0,,0,6,256,42.7,144,1711
1603,,,,,,,,,,,,,,,,,,,,,,,,,,,,,,,,,,,,,,,,,,,0,0,,1,1,100,3,0,0,,145,1670
1604,,,,,,,,,,,,,,,,,,,,,,,,,,,,,,,,,,,,,,,,,,,0,0,,0,0,,0,6,207,34.5,145,1711
1605,,,,,,,,,,,,,,,,,,,,,,,,,,,,,,,,,,,,,,,,,,,0,0,,0,0,,0,3,117,39,145,1710
1606,,,,,,,,,,,,,,,,,,,,,,,,,,,,,,,,,,,,,,,,,,,0,0,,1,2,50,3,0,0,,146,1670
1607,,,,,,,,,,,,,,,,,,,,,,,,,,,,,,,,,,,,,,,,,,,2,2,100,0,0,,2,0,0,,146,1669
1608,,,,,,,,,,,,,,,,,,,,,,,,,,,,,,,,,,,,,,,,,,,0,0,,0,0,,0,5,227,45.4,146,1711
1609,,,,,,,,,,,,,,,,,,,,,,,,,,,,,,,,,,,,,,,,,,,0,0,,0,0,,0,1,40,40,146,1710
1610,,,,,,,,,,,,,,,,,,,,,,,,,,,,,,,,,,,,,,,,,,,7,7,100,2,2,100,13,0,0,,147,1669
1611,,,,,,,,,,,,,,,,,,,,,,,,,,,,,,,,,,,,,,,,,,,0,0,,0,0,,0,4,157,39.3,147,1711
1612,,,,,,,,,,,,,,,,,,,,,,,,,,,,,,,,,,,,,,,,,,,1,1,100,3,3,100,10,0,0,,148,1670
1613,,,,,,,,,,,,,,,,,,,,,,,,,,,,,,,,,,,,,,,,,,,0,0,,0,0,,0,4,197,49.3,148,1711
1614,,,,,,,,,,,,,,,,,,,,,,,,,,,,,,,,,,,,,,,,,,,4,4,100,3,3,100,13,0,0,,149,1670
1615,,,,,,,,,,,,,,,,,,,,,,,,,,,,,,,,,,,,,,,,,,,0,0,,0,0,,0,2,88,44,149,1711
1616,,,,,,,,,,,,,,,,,,,,,,,,,,,,,,,,,,,,,,,,,,,4,4,100,3,3,100,13,0,0,,150,1670
1617,,,,,,,,,,,,,,,,,,,,,,,,,,,,,,,,,,,,,,,,,,,0,0,,0,0,,0,3,133,44.3,150,1711
1618,,,,,,,,,,,,,,,,,,,,,,,,,,,,,,,,,,,,,,,,,,,6,6,100,0,1,,6,0,0,,151,1670
1619,,,,,,,,,,,,,,,,,,,,,,,,,,,,,,,,,,,,,,,,,,,0,0,,0,0,,0,3,120,40,151,1711
1620,,,,,,,,,,,,,,,,,,,,,,,,,,,,,,,,,,,,,,,,,,,3,3,100,1,1,100,6,0,0,,152,1670
1621,,,,,,,,,,,,,,,,,,,,,,,,,,,,,,,,,,,,,,,,,,,0,0,,0,0,,0,9,369,41,152,1711
1622,,,,,,,,,,,,,,,,,,,,,,,,,,,,,,,,,,,,,,,,,,,4,4,100,1,1,100,7,0,0,,153,1670
1623,,,,,,,,,,,,,,,,,,,,,,,,,,,,,,,,,,,,,,,,,,,0,0,,0,0,,0,7,269,38.4,153,1711
1624,,,,,,,,,,,,,,,,,,,,,,,,,,,,,,,,,,,,,,,,,,,5,5,100,0,0,,5,0,0,,41,730
1625,,,,,,,,,,,,,,,,,,,,,,,,,,,,,,,,,,,,,,,,,,,0,0,,0,0,,0,6,280,46.7,41,670
1626,,,,,,,,,,,,,,,,,,,,,,,,,,,,,,,,,,,,,,,,,,,4,4,100,1,2,50,7,0,0,,42,730
1627,,,,,,,,,,,,,,,,,,,,,,,,,,,,,,,,,,,,,,,,,,,0,0,,0,0,,0,5,212,42.4,42,670
1628,,,,,,,,,,,,,,,,,,,,,,,,,,,,,,,,,,,,,,,,,,,1,1,100,0,2,,1,0,0,,43,671
1629,,,,,,,,,,,,,,,,,,,,,,,,,,,,,,,,,,,,,,,,,,,0,1,,0,1,,0,0,0,,43,730
1630,,,,,,,,,,,,,,,,,,,,,,,,,,,,,,,,,,,,,,,,,,,0,0,,0,0,,0,3,122,40.7,43,670
1631,,,,,,,,,,,,,,,,,,,,,,,,,,,,,,,,,,,,,,,,,,,2,2,100,1,3,33,5,0,0,,44,671
1632,,,,,,,,,,,,,,,,,,,,,,,,,,,,,,,,,,,,,,,,,,,0,0,,0,0,,0,2,81,40.5,44,670
1633,,,,,,,,,,,,,,,,,,,,,,,,,,,,,,,,,,,,,,,,,,,2,2,100,1,2,50,5,0,0,,45,671
1634,,,,,,,,,,,,,,,,,,,,,,,,,,,,,,,,,,,,,,,,,,,0,0,,0,0,,0,7,310,44.3,45,670
1635,,,,,,,,,,,,,,,,,,,,,,,,,,,,,,,,,,,,,,,,,,,5,5,100,2,4,50,11,0,0,,46,671
1636,,,,,,,,,,,,,,,,,,,,,,,,,,,,,,,,,,,,,,,,,,,1,1,100,0,0,,1,0,0,,46,730
1637,,,,,,,,,,,,,,,,,,,,,,,,,,,,,,,,,,,,,,,,,,,0,0,,0,0,,0,2,99,49.5,46,670
1638,,,,,,,,,,,,,,,,,,,,,,,,,,,,,,,,,,,,,,,,,,,0,0,,3,3,100,9,0,0,,47,671
1639,,,,,,,,,,,,,,,,,,,,,,,,,,,,,,,,,,,,,,,,,,,0,0,,0,0,,0,4,160,40,47,670
1640,,,,,,,,,,,,,,,,,,,,,,,,,,,,,,,,,,,,,,,,,,,4,4,100,2,3,66,10,0,0,,48,671
1641,,,,,,,,,,,,,,,,,,,,,,,,,,,,,,,,,,,,,,,,,,,0,0,,0,0,,0,3,144,48,48,670
1642,,,,,,,,,,,,,,,,,,,,,,,,,,,,,,,,,,,,,,,,,,,1,1,100,1,2,50,4,0,0,,49,671
1643,,,,,,,,,,,,,,,,,,,,,,,,,,,,,,,,,,,,,,,,,,,0,0,,0,0,,0,3,120,40,49,670
1644,,,,,,,,,,,,,,,,,,,,,,,,,,,,,,,,,,,,,,,,,,,4,4,100,0,1,,4,0,0,,50,671
1645,,,,,,,,,,,,,,,,,,,,,,,,,,,,,,,,,,,,,,,,,,,0,0,,0,0,,0,4,151,37.8,50,670
1646,,,,,,,,,,,,,,,,,,,,,,,,,,,,,,,,,,,,,,,,,,,4,4,100,1,1,100,7,0,0,,51,671
1647,,,,,,,,,,,,,,,,,,,,,,,,,,,,,,,,,,,,,,,,,,,0,0,,0,0,,0,1,35,35,51,670
1648,,,,,,,,,,,,,,,,,,,,,,,,,,,,,,,,,,,,,,,,,,,1,1,100,1,1,100,4,0,0,,52,671
1649,,,,,,,,,,,,,,,,,,,,,,,,,,,,,,,,,,,,,,,,,,,0,0,,0,0,,0,7,369,52.7,52,670
1650,,,,,,,,,,,,,,,,,,,,,,,,,,,,,,,,,,,,,,,,,,,2,2,100,2,3,66,8,0,0,,53,671
1651,,,,,,,,,,,,,,,,,,,,,,,,,,,,,,,,,,,,,,,,,,,0,0,,0,0,,0,8,307,38.4,53,670
1652,,,,,,,,,,,,,,,,,,,,,,,,,,,,,,,,,,,,,,,,,,,5,5,100,3,3,100,14,0,0,,155,1488
1653,,,,,,,,,,,,,,,,,,,,,,,,,,,,,,,,,,,,,,,,,,,0,0,,0,1,,0,0,0,,155,1489
1654,,,,,,,,,,,,,,,,,,,,,,,,,,,,,,,,,,,,,,,,,,,0,0,,0,0,,0,6,289,48.2,155,1487
1655,,,,,,,,,,,,,,,,,,,,,,,,,,,,,,,,,,,,,,,,,,,3,3,100,1,2,50,6,0,0,,156,1488
1656,,,,,,,,,,,,,,,,,,,,,,,,,,,,,,,,,,,,,,,,,,,0,0,,0,0,,0,6,288,48,156,1487
1657,,,,,,,,,,,,,,,,,,,,,,,,,,,,,,,,,,,,,,,,,,,6,6,100,1,2,50,9,0,0,,157,1488
1658,,,,,,,,,,,,,,,,,,,,,,,,,,,,,,,,,,,,,,,,,,,0,0,,0,0,,0,4,195,48.8,157,1487
1659,,,,,,,,,,,,,,,,,,,,,,,,,,,,,,,,,,,,,,,,,,,5,5,100,3,3,100,14,0,0,,158,1488
1660,,,,,,,,,,,,,,,,,,,,,,,,,,,,,,,,,,,,,,,,,,,0,0,,0,0,,0,4,170,42.5,158,1487
1661,,,,,,,,,,,,,,,,,,,,,,,,,,,,,,,,,,,,,,,,,,,3,3,100,1,1,100,6,0,0,,159,1488
1662,,,,,,,,,,,,,,,,,,,,,,,,,,,,,,,,,,,,,,,,,,,0,0,,0,0,,0,8,324,40.5,159,1487
1663,,,,,,,,,,,,,,,,,,,,,,,,,,,,,,,,,,,,,,,,,,,2,2,100,1,1,100,5,0,0,,160,1488
1664,,,,,,,,,,,,,,,,,,,,,,,,,,,,,,,,,,,,,,,,,,,0,0,,0,0,,0,5,238,47.6,160,1487
1665,,,,,,,,,,,,,,,,,,,,,,,,,,,,,,,,,,,,,,,,,,,1,1,100,4,4,100,13,0,0,,161,1488
1666,,,,,,,,,,,,,,,,,,,,,,,,,,,,,,,,,,,,,,,,,,,0,0,,0,0,,0,8,389,48.6,161,1487
1667,,,,,,,,,,,,,,,,,,,,,,,,,,,,,,,,,,,,,,,,,,,2,2,100,0,0,,2,0,0,,162,1488
1668,,,,,,,,,,,,,,,,,,,,,,,,,,,,,,,,,,,,,,,,,,,0,0,,0,0,,0,8,350,43.8,162,1487
1669,,,,,,,,,,,,,,,,,,,,,,,,,,,,,,,,,,,,,,,,,,,3,3,100,2,2,100,9,0,0,,163,1488
1670,,,,,,,,,,,,,,,,,,,,,,,,,,,,,,,,,,,,,,,,,,,0,0,,0,0,,0,6,259,43.2,163,1487
1671,,,,,,,,,,,,,,,,,,,,,,,,,,,,,,,,,,,,,,,,,,,7,8,87,0,0,,7,0,0,,164,1488
1672,,,,,,,,,,,,,,,,,,,,,,,,,,,,,,,,,,,,,,,,,,,0,0,,0,0,,0,6,294,49,164,1487
1673,,,,,,,,,,,,,,,,,,,,,,,,,,,,,,,,,,,,,,,,,,,4,4,100,1,2,50,7,0,0,,165,1488
1674,,,,,,,,,,,,,,,,,,,,,,,,,,,,,,,,,,,,,,,,,,,0,0,,0,0,,0,8,368,46,165,1487
1675,,,,,,,,,,,,,,,,,,,,,,,,,,,,,,,,,,,,,,,,,,,3,3,100,0,0,,3,0,0,,166,1488
1676,,,,,,,,,,,,,,,,,,,,,,,,,,,,,,,,,,,,,,,,,,,0,0,,0,0,,0,7,341,48.7,166,1487
1677,,,,,,,,,,,,,,,,,,,,,,,,,,,,,,,,,,,,,,,,,,,7,7,100,1,1,100,10,0,0,,167,1488
1678,,,,,,,,,,,,,,,,,,,,,,,,,,,,,,,,,,,,,,,,,,,0,0,,0,0,,0,7,271,38.7,167,1487
1679,,,,,,,,,,,,,,,,,,,,,,,,,,,,,,,,,,,,,,,,,,,4,4,100,0,1,,4,0,0,,68,928
1680,,,,,,,,,,,,,,,,,,,,,,,,,,,,,,,,,,,,,,,,,,,0,0,,0,0,,0,7,293,41.9,68,921
1681,,,,,,,,,,,,,,,,,,,,,,,,,,,,,,,,,,,,,,,,,,,6,6,100,0,1,,6,0,0,,69,928
1682,,,,,,,,,,,,,,,,,,,,,,,,,,,,,,,,,,,,,,,,,,,0,0,,0,0,,0,3,117,39,69,921
1683,,,,,,,,,,,,,,,,,,,,,,,,,,,,,,,,,,,,,,,,,,,0,0,,0,0,,0,2,49,24.5,69,922
1684,,,,,,,,,,,,,,,,,,,,,,,,,,,,,,,,,,,,,,,,,,,2,2,100,0,0,,2,0,0,,70,928
1685,,,,,,,,,,,,,,,,,,,,,,,,,,,,,,,,,,,,,,,,,,,0,0,,0,0,,0,8,268,33.5,70,921
1686,,,,,,,,,,,,,,,,,,,,,,,,,,,,,,,,,,,,,,,,,,,0,0,,0,0,,0,9,393,43.7,71,921
1687,,,,,,,,,,,,,,,,,,,,,,,,,,,,,,,,,,,,,,,,,,,3,3,100,1,1,100,6,0,0,,72,928
1688,,,,,,,,,,,,,,,,,,,,,,,,,,,,,,,,,,,,,,,,,,,0,0,,0,0,,0,6,246,41,72,921
1689,,,,,,,,,,,,,,,,,,,,,,,,,,,,,,,,,,,,,,,,,,,2,2,100,0,0,,2,0,0,,73,928
1690,,,,,,,,,,,,,,,,,,,,,,,,,,,,,,,,,,,,,,,,,,,0,0,,0,0,,0,7,254,36.3,73,921
1691,,,,,,,,,,,,,,,,,,,,,,,,,,,,,,,,,,,,,,,,,,,4,4,100,0,2,,4,0,0,,74,928
1692,,,,,,,,,,,,,,,,,,,,,,,,,,,,,,,,,,,,,,,,,,,1,1,100,0,0,,1,0,0,,74,924
1693,,,,,,,,,,,,,,,,,,,,,,,,,,,,,,,,,,,,,,,,,,,0,0,,0,0,,0,4,155,38.8,74,921
1694,,,,,,,,,,,,,,,,,,,,,,,,,,,,,,,,,,,,,,,,,,,3,4,75,0,0,,3,0,0,,75,928
1695,,,,,,,,,,,,,,,,,,,,,,,,,,,,,,,,,,,,,,,,,,,0,0,,0,0,,0,4,138,34.5,75,921
1696,,,,,,,,,,,,,,,,,,,,,,,,,,,,,,,,,,,,,,,,,,,4,4,100,1,1,100,7,0,0,,76,928
1697,,,,,,,,,,,,,,,,,,,,,,,,,,,,,,,,,,,,,,,,,,,0,0,,0,0,,0,5,224,44.8,76,921
1698,,,,,,,,,,,,,,,,,,,,,,,,,,,,,,,,,,,,,,,,,,,3,3,100,0,0,,3,0,0,,77,928
1699,,,,,,,,,,,,,,,,,,,,,,,,,,,,,,,,,,,,,,,,,,,0,0,,0,0,,0,4,181,45.3,77,921
1700,,,,,,,,,,,,,,,,,,,,,,,,,,,,,,,,,,,,,,,,,,,2,2,100,1,1,100,5,0,0,,78,928
1701,,,,,,,,,,,,,,,,,,,,,,,,,,,,,,,,,,,,,,,,,,,0,0,,0,0,,0,6,269,44.8,78,921
1702,,,,,,,,,,,,,,,,,,,,,,,,,,,,,,,,,,,,,,,,,,,6,6,100,0,0,,6,0,0,,79,928
1703,,,,,,,,,,,,,,,,,,,,,,,,,,,,,,,,,,,,,,,,,,,0,0,,0,0,,0,1,37,37,79,921